InstanceType,UpstreamCloudId,vCPUs,MemoryGiB,AcceleratorName,AcceleratorCount,GpuInfo,Region,AvailabilityZone,Price,SpotPrice
crusoecloud__10xL40S_48GB__80__1470,l40s-48gb.10x,80.0,1470,L40S,10.0,"{""Gpus"":[{""Name"":""L40S"",""Count"":10,""MemoryInfo"":{""SizeInMiB"":491520}}],""TotalGpuMemoryInMiB"":4915200}",US,us-east1-a,10.0,
crusoecloud__10xL40S_48GB__80__1470,l40s-48gb.10x,80.0,1470,L40S,10.0,"{""Gpus"":[{""Name"":""L40S"",""Count"":10,""MemoryInfo"":{""SizeInMiB"":491520}}],""TotalGpuMemoryInMiB"":4915200}",US,us-southcentral1-a,10.0,
crusoecloud__1xA100_80GB__12__120,a100-80gb.1x,12.0,120,A100,1.0,"{""Gpus"":[{""Name"":""A100"",""Count"":1,""MemoryInfo"":{""SizeInMiB"":81920}}],""TotalGpuMemoryInMiB"":81920}",US,us-east1-a,1.65,
crusoecloud__1xL40S_48GB__8__147,l40s-48gb.1x,8.0,147,L40S,1.0,"{""Gpus"":[{""Name"":""L40S"",""Count"":1,""MemoryInfo"":{""SizeInMiB"":49152}}],""TotalGpuMemoryInMiB"":49152}",US,us-east1-a,1.0,
crusoecloud__1xL40S_48GB__8__147,l40s-48gb.1x,8.0,147,L40S,1.0,"{""Gpus"":[{""Name"":""L40S"",""Count"":1,""MemoryInfo"":{""SizeInMiB"":49152}}],""TotalGpuMemoryInMiB"":49152}",US,us-southcentral1-a,1.0,
crusoecloud__2xA100_80GB__24__240,a100-80gb.2x,24.0,240,A100,2.0,"{""Gpus"":[{""Name"":""A100"",""Count"":2,""MemoryInfo"":{""SizeInMiB"":163840}}],""TotalGpuMemoryInMiB"":327680}",US,us-east1-a,3.3,
crusoecloud__2xL40S_48GB__16__294,l40s-48gb.2x,16.0,294,L40S,2.0,"{""Gpus"":[{""Name"":""L40S"",""Count"":2,""MemoryInfo"":{""SizeInMiB"":98304}}],""TotalGpuMemoryInMiB"":196608}",US,us-east1-a,2.0,
crusoecloud__2xL40S_48GB__16__294,l40s-48gb.2x,16.0,294,L40S,2.0,"{""Gpus"":[{""Name"":""L40S"",""Count"":2,""MemoryInfo"":{""SizeInMiB"":98304}}],""TotalGpuMemoryInMiB"":196608}",US,us-southcentral1-a,2.0,
crusoecloud__4xA100_80GB__48__480,a100-80gb.4x,48.0,480,A100,4.0,"{""Gpus"":[{""Name"":""A100"",""Count"":4,""MemoryInfo"":{""SizeInMiB"":327680}}],""TotalGpuMemoryInMiB"":1310720}",US,us-east1-a,6.6,
crusoecloud__4xL40S_48GB__32__588,l40s-48gb.4x,32.0,588,L40S,4.0,"{""Gpus"":[{""Name"":""L40S"",""Count"":4,""MemoryInfo"":{""SizeInMiB"":196608}}],""TotalGpuMemoryInMiB"":786432}",US,us-east1-a,4.0,
crusoecloud__4xL40S_48GB__32__588,l40s-48gb.4x,32.0,588,L40S,4.0,"{""Gpus"":[{""Name"":""L40S"",""Count"":4,""MemoryInfo"":{""SizeInMiB"":196608}}],""TotalGpuMemoryInMiB"":786432}",US,us-southcentral1-a,4.0,
crusoecloud__8xA100_80GB__96__960,a100-80gb.8x,96.0,960,A100,8.0,"{""Gpus"":[{""Name"":""A100"",""Count"":8,""MemoryInfo"":{""SizeInMiB"":655360}}],""TotalGpuMemoryInMiB"":5242880}",US,us-east1-a,13.2,
crusoecloud__8xL40S_48GB__64__1176,l40s-48gb.8x,64.0,1176,L40S,8.0,"{""Gpus"":[{""Name"":""L40S"",""Count"":8,""MemoryInfo"":{""SizeInMiB"":393216}}],""TotalGpuMemoryInMiB"":3145728}",US,us-east1-a,8.0,
crusoecloud__8xL40S_48GB__64__1176,l40s-48gb.8x,64.0,1176,L40S,8.0,"{""Gpus"":[{""Name"":""L40S"",""Count"":8,""MemoryInfo"":{""SizeInMiB"":393216}}],""TotalGpuMemoryInMiB"":3145728}",US,us-southcentral1-a,8.0,
crusoecloud__CPU_NODE__16__64,c1a.16x,16.0,64,,0.0,,IS,eu-iceland1-a,0.1,
crusoecloud__CPU_NODE__16__64,c1a.16x,16.0,64,,0.0,,US,us-east1-a,0.1,
crusoecloud__CPU_NODE__16__64,c1a.16x,16.0,64,,0.0,,US,us-southcentral1-a,0.1,
crusoecloud__CPU_NODE__2__8,c1a.2x,2.0,8,,0.0,,IS,eu-iceland1-a,0.1,
crusoecloud__CPU_NODE__2__8,c1a.2x,2.0,8,,0.0,,US,us-east1-a,0.1,
crusoecloud__CPU_NODE__2__8,c1a.2x,2.0,8,,0.0,,US,us-southcentral1-a,0.1,
crusoecloud__CPU_NODE__4__16,c1a.4x,4.0,16,,0.0,,IS,eu-iceland1-a,0.1,
crusoecloud__CPU_NODE__4__16,c1a.4x,4.0,16,,0.0,,US,us-east1-a,0.1,
crusoecloud__CPU_NODE__4__16,c1a.4x,4.0,16,,0.0,,US,us-southcentral1-a,0.1,
crusoecloud__CPU_NODE__8__32,c1a.8x,8.0,32,,0.0,,IS,eu-iceland1-a,0.1,
crusoecloud__CPU_NODE__8__32,c1a.8x,8.0,32,,0.0,,US,us-east1-a,0.1,
crusoecloud__CPU_NODE__8__32,c1a.8x,8.0,32,,0.0,,US,us-southcentral1-a,0.1,
datacrunch__1xA100_40GB__22__120__SPOT,1A100.40S.22V_SPOT,22.0,120,A100,1.0,"{""Gpus"":[{""Name"":""A100"",""Count"":1,""MemoryInfo"":{""SizeInMiB"":40960}}],""TotalGpuMemoryInMiB"":40960}",FI,FIN-01,0.18,
datacrunch__1xA100_40GB__22__120,1A100.40S.22V,22.0,120,A100,1.0,"{""Gpus"":[{""Name"":""A100"",""Count"":1,""MemoryInfo"":{""SizeInMiB"":40960}}],""TotalGpuMemoryInMiB"":40960}",FI,FIN-01,0.72,
datacrunch__1xA100_80GB__22__120__SPOT,1A100.22V_SPOT,22.0,120,A100,1.0,"{""Gpus"":[{""Name"":""A100"",""Count"":1,""MemoryInfo"":{""SizeInMiB"":81920}}],""TotalGpuMemoryInMiB"":81920}",FI,FIN-01,0.48,
datacrunch__1xA100_80GB__22__120,1A100.22V,22.0,120,A100,1.0,"{""Gpus"":[{""Name"":""A100"",""Count"":1,""MemoryInfo"":{""SizeInMiB"":81920}}],""TotalGpuMemoryInMiB"":81920}",FI,FIN-01,1.12,
datacrunch__1xA6000_48GB__10__60__SPOT,1A6000.10V_SPOT,10.0,60,A6000,1.0,"{""Gpus"":[{""Name"":""A6000"",""Count"":1,""MemoryInfo"":{""SizeInMiB"":49152}}],""TotalGpuMemoryInMiB"":49152}",FI,FIN-01,0.13,
datacrunch__1xA6000_48GB__10__60,1A6000.10V,10.0,60,A6000,1.0,"{""Gpus"":[{""Name"":""A6000"",""Count"":1,""MemoryInfo"":{""SizeInMiB"":49152}}],""TotalGpuMemoryInMiB"":49152}",FI,FIN-01,0.52,
datacrunch__1xB200_180GB__31__250__SPOT,1B200.31V_SPOT,31.0,250,B200,1.0,"{""Gpus"":[{""Name"":""B200"",""Count"":1,""MemoryInfo"":{""SizeInMiB"":184320}}],""TotalGpuMemoryInMiB"":184320}",FI,FIN-03,1.54,
datacrunch__1xB200_180GB__31__250,1B200.31V,31.0,250,B200,1.0,"{""Gpus"":[{""Name"":""B200"",""Count"":1,""MemoryInfo"":{""SizeInMiB"":184320}}],""TotalGpuMemoryInMiB"":184320}",FI,FIN-03,4.49,
datacrunch__1xH100_80GB__30__120__SPOT,1H100.80S.30V_SPOT,30.0,120,H100,1.0,"{""Gpus"":[{""Name"":""H100"",""Count"":1,""MemoryInfo"":{""SizeInMiB"":81920}}],""TotalGpuMemoryInMiB"":81920}",FI,FIN-01,0.9,
datacrunch__1xH100_80GB__30__120,1H100.80S.30V,30.0,120,H100,1.0,"{""Gpus"":[{""Name"":""H100"",""Count"":1,""MemoryInfo"":{""SizeInMiB"":81920}}],""TotalGpuMemoryInMiB"":81920}",FI,FIN-01,2.19,
datacrunch__1xH200_141GB__44__182__SPOT,1H200.141S.44V_SPOT,44.0,182,H200,1.0,"{""Gpus"":[{""Name"":""H200"",""Count"":1,""MemoryInfo"":{""SizeInMiB"":144384}}],""TotalGpuMemoryInMiB"":144384}",FI,FIN-02,0.99,
datacrunch__1xH200_141GB__44__182__SPOT,1H200.141S.44V_SPOT,44.0,182,H200,1.0,"{""Gpus"":[{""Name"":""H200"",""Count"":1,""MemoryInfo"":{""SizeInMiB"":144384}}],""TotalGpuMemoryInMiB"":144384}",IS,ICE-01,0.99,
datacrunch__1xH200_141GB__44__182,1H200.141S.44V,44.0,182,H200,1.0,"{""Gpus"":[{""Name"":""H200"",""Count"":1,""MemoryInfo"":{""SizeInMiB"":144384}}],""TotalGpuMemoryInMiB"":144384}",FI,FIN-02,2.61,
datacrunch__1xH200_141GB__44__182,1H200.141S.44V,44.0,182,H200,1.0,"{""Gpus"":[{""Name"":""H200"",""Count"":1,""MemoryInfo"":{""SizeInMiB"":144384}}],""TotalGpuMemoryInMiB"":144384}",IS,ICE-01,2.61,
datacrunch__1xL40S_48GB__20__60__SPOT,1L40S.20V_SPOT,20.0,60,L40S,1.0,"{""Gpus"":[{""Name"":""L40S"",""Count"":1,""MemoryInfo"":{""SizeInMiB"":49152}}],""TotalGpuMemoryInMiB"":49152}",FI,FIN-02,0.26,
datacrunch__1xL40S_48GB__20__60,1L40S.20V,20.0,60,L40S,1.0,"{""Gpus"":[{""Name"":""L40S"",""Count"":1,""MemoryInfo"":{""SizeInMiB"":49152}}],""TotalGpuMemoryInMiB"":49152}",FI,FIN-02,0.91,
datacrunch__1xRTX6000Ada_48GB__10__60__SPOT,1RTX6000ADA.10V_SPOT,10.0,60,RTX6000Ada,1.0,"{""Gpus"":[{""Name"":""RTX6000Ada"",""Count"":1,""MemoryInfo"":{""SizeInMiB"":49152}}],""TotalGpuMemoryInMiB"":49152}",FI,FIN-01,0.24,
datacrunch__1xRTX6000Ada_48GB__10__60,1RTX6000ADA.10V,10.0,60,RTX6000Ada,1.0,"{""Gpus"":[{""Name"":""RTX6000Ada"",""Count"":1,""MemoryInfo"":{""SizeInMiB"":49152}}],""TotalGpuMemoryInMiB"":49152}",FI,FIN-01,0.83,
datacrunch__1xV100_16GB__6__23__SPOT,1V100.6V_SPOT,6.0,23,V100,1.0,"{""Gpus"":[{""Name"":""V100"",""Count"":1,""MemoryInfo"":{""SizeInMiB"":16384}}],""TotalGpuMemoryInMiB"":16384}",FI,FIN-01,0.05,
datacrunch__1xV100_16GB__6__23,1V100.6V,6.0,23,V100,1.0,"{""Gpus"":[{""Name"":""V100"",""Count"":1,""MemoryInfo"":{""SizeInMiB"":16384}}],""TotalGpuMemoryInMiB"":16384}",FI,FIN-01,0.14,
datacrunch__2xA100_80GB__44__240__SPOT,2A100.44V_SPOT,44.0,240,A100,2.0,"{""Gpus"":[{""Name"":""A100"",""Count"":2,""MemoryInfo"":{""SizeInMiB"":163840}}],""TotalGpuMemoryInMiB"":327680}",FI,FIN-01,0.96,
datacrunch__2xA100_80GB__44__240,2A100.44V,44.0,240,A100,2.0,"{""Gpus"":[{""Name"":""A100"",""Count"":2,""MemoryInfo"":{""SizeInMiB"":163840}}],""TotalGpuMemoryInMiB"":327680}",FI,FIN-01,2.23,
datacrunch__2xB200_180GB__62__500__SPOT,2B200.62V_SPOT,62.0,500,B200,2.0,"{""Gpus"":[{""Name"":""B200"",""Count"":2,""MemoryInfo"":{""SizeInMiB"":368640}}],""TotalGpuMemoryInMiB"":737280}",FI,FIN-03,3.07,
datacrunch__2xB200_180GB__62__500,2B200.62V,62.0,500,B200,2.0,"{""Gpus"":[{""Name"":""B200"",""Count"":2,""MemoryInfo"":{""SizeInMiB"":368640}}],""TotalGpuMemoryInMiB"":737280}",FI,FIN-03,8.98,
datacrunch__2xH200_141GB__88__370__SPOT,2H200.141S.88V_SPOT,88.0,370,H200,2.0,"{""Gpus"":[{""Name"":""H200"",""Count"":2,""MemoryInfo"":{""SizeInMiB"":288768}}],""TotalGpuMemoryInMiB"":577536}",FI,FIN-02,1.99,
datacrunch__2xH200_141GB__88__370,2H200.141S.88V,88.0,370,H200,2.0,"{""Gpus"":[{""Name"":""H200"",""Count"":2,""MemoryInfo"":{""SizeInMiB"":288768}}],""TotalGpuMemoryInMiB"":577536}",FI,FIN-02,5.22,
datacrunch__2xV100_16GB__10__45__SPOT,2V100.10V_SPOT,10.0,45,V100,2.0,"{""Gpus"":[{""Name"":""V100"",""Count"":2,""MemoryInfo"":{""SizeInMiB"":32768}}],""TotalGpuMemoryInMiB"":65536}",FI,FIN-01,0.1,
datacrunch__2xV100_16GB__10__45,2V100.10V,10.0,45,V100,2.0,"{""Gpus"":[{""Name"":""V100"",""Count"":2,""MemoryInfo"":{""SizeInMiB"":32768}}],""TotalGpuMemoryInMiB"":65536}",FI,FIN-01,0.28,
datacrunch__4xA100_80GB__88__480,4A100.88V,88.0,480,A100,4.0,"{""Gpus"":[{""Name"":""A100"",""Count"":4,""MemoryInfo"":{""SizeInMiB"":327680}}],""TotalGpuMemoryInMiB"":1310720}",FI,FIN-01,4.46,
datacrunch__4xH200_141GB__176__740__SPOT,4H200.141S.176V_SPOT,176.0,740,H200,4.0,"{""Gpus"":[{""Name"":""H200"",""Count"":4,""MemoryInfo"":{""SizeInMiB"":577536}}],""TotalGpuMemoryInMiB"":2310144}",FI,FIN-02,3.98,
datacrunch__4xH200_141GB__176__740,4H200.141S.176V,176.0,740,H200,4.0,"{""Gpus"":[{""Name"":""H200"",""Count"":4,""MemoryInfo"":{""SizeInMiB"":577536}}],""TotalGpuMemoryInMiB"":2310144}",FI,FIN-02,10.43,
datacrunch__4xV100_16GB__20__90__SPOT,4V100.20V_SPOT,20.0,90,V100,4.0,"{""Gpus"":[{""Name"":""V100"",""Count"":4,""MemoryInfo"":{""SizeInMiB"":65536}}],""TotalGpuMemoryInMiB"":262144}",FI,FIN-01,0.2,
datacrunch__4xV100_16GB__20__90,4V100.20V,20.0,90,V100,4.0,"{""Gpus"":[{""Name"":""V100"",""Count"":4,""MemoryInfo"":{""SizeInMiB"":65536}}],""TotalGpuMemoryInMiB"":262144}",FI,FIN-01,0.55,
datacrunch__8xA100_80GB__176__960__SPOT,8A100.176V_SPOT,176.0,960,A100,8.0,"{""Gpus"":[{""Name"":""A100"",""Count"":8,""MemoryInfo"":{""SizeInMiB"":655360}}],""TotalGpuMemoryInMiB"":5242880}",FI,FIN-01,3.84,
datacrunch__8xA100_80GB__176__960,8A100.176V,176.0,960,A100,8.0,"{""Gpus"":[{""Name"":""A100"",""Count"":8,""MemoryInfo"":{""SizeInMiB"":655360}}],""TotalGpuMemoryInMiB"":5242880}",FI,FIN-01,8.92,
datacrunch__8xA6000_48GB__80__480,8A6000.80V,80.0,480,A6000,8.0,"{""Gpus"":[{""Name"":""A6000"",""Count"":8,""MemoryInfo"":{""SizeInMiB"":393216}}],""TotalGpuMemoryInMiB"":3145728}",FI,FIN-01,4.19,
datacrunch__8xA6000_48GB__80__480,8A6000.80V,80.0,480,A6000,8.0,"{""Gpus"":[{""Name"":""A6000"",""Count"":8,""MemoryInfo"":{""SizeInMiB"":393216}}],""TotalGpuMemoryInMiB"":3145728}",FI,FIN-02,4.19,
datacrunch__8xB200_180GB__248__2000__SPOT,8B200.248V_SPOT,248.0,2000,B200,8.0,"{""Gpus"":[{""Name"":""B200"",""Count"":8,""MemoryInfo"":{""SizeInMiB"":1474560}}],""TotalGpuMemoryInMiB"":11796480}",FI,FIN-03,12.29,
datacrunch__8xB200_180GB__248__2000,8B200.248V,248.0,2000,B200,8.0,"{""Gpus"":[{""Name"":""B200"",""Count"":8,""MemoryInfo"":{""SizeInMiB"":1474560}}],""TotalGpuMemoryInMiB"":11796480}",FI,FIN-03,35.92,
datacrunch__8xH100_80GB__176__1480__SPOT,8H100.80S.176V_SPOT,176.0,1480,H100,8.0,"{""Gpus"":[{""Name"":""H100"",""Count"":8,""MemoryInfo"":{""SizeInMiB"":655360}}],""TotalGpuMemoryInMiB"":5242880}",FI,FIN-02,7.16,
datacrunch__8xH100_80GB__176__1480,8H100.80S.176V,176.0,1480,H100,8.0,"{""Gpus"":[{""Name"":""H100"",""Count"":8,""MemoryInfo"":{""SizeInMiB"":655360}}],""TotalGpuMemoryInMiB"":5242880}",FI,FIN-02,17.52,
datacrunch__8xH200_141GB__176__1450__SPOT,8H200.141S.176V_SPOT,176.0,1450,H200,8.0,"{""Gpus"":[{""Name"":""H200"",""Count"":8,""MemoryInfo"":{""SizeInMiB"":1155072}}],""TotalGpuMemoryInMiB"":9240576}",IS,ICE-01,7.96,
datacrunch__8xH200_141GB__176__1450,8H200.141S.176V,176.0,1450,H200,8.0,"{""Gpus"":[{""Name"":""H200"",""Count"":8,""MemoryInfo"":{""SizeInMiB"":1155072}}],""TotalGpuMemoryInMiB"":9240576}",FI,FIN-02,20.86,
datacrunch__8xH200_141GB__176__1450,8H200.141S.176V,176.0,1450,H200,8.0,"{""Gpus"":[{""Name"":""H200"",""Count"":8,""MemoryInfo"":{""SizeInMiB"":1155072}}],""TotalGpuMemoryInMiB"":9240576}",IS,ICE-01,20.86,
datacrunch__CPU_NODE__120__480__SPOT,CPU.120V.480G_SPOT,120.0,480,,0.0,,FI,FIN-03,0.18,
datacrunch__CPU_NODE__120__480,CPU.120V.480G,120.0,480,,0.0,,FI,FIN-03,0.97,
datacrunch__CPU_NODE__16__64__SPOT,CPU.16V.64G_SPOT,16.0,64,,0.0,,FI,FIN-01,0.02,
datacrunch__CPU_NODE__16__64__SPOT,CPU.16V.64G_SPOT,16.0,64,,0.0,,FI,FIN-02,0.02,
datacrunch__CPU_NODE__16__64__SPOT,CPU.16V.64G_SPOT,16.0,64,,0.0,,FI,FIN-03,0.02,
datacrunch__CPU_NODE__16__64__SPOT,CPU.16V.64G_SPOT,16.0,64,,0.0,,IS,ICE-01,0.02,
datacrunch__CPU_NODE__16__64,CPU.16V.64G,16.0,64,,0.0,,FI,FIN-01,0.13,
datacrunch__CPU_NODE__16__64,CPU.16V.64G,16.0,64,,0.0,,FI,FIN-02,0.13,
datacrunch__CPU_NODE__16__64,CPU.16V.64G,16.0,64,,0.0,,FI,FIN-03,0.13,
datacrunch__CPU_NODE__16__64,CPU.16V.64G,16.0,64,,0.0,,IS,ICE-01,0.13,
datacrunch__CPU_NODE__180__720__SPOT,CPU.180V.720G_SPOT,180.0,720,,0.0,,FI,FIN-02,0.27,
datacrunch__CPU_NODE__180__720__SPOT,CPU.180V.720G_SPOT,180.0,720,,0.0,,FI,FIN-03,0.27,
datacrunch__CPU_NODE__180__720,CPU.180V.720G,180.0,720,,0.0,,FI,FIN-02,1.46,
datacrunch__CPU_NODE__180__720,CPU.180V.720G,180.0,720,,0.0,,FI,FIN-03,1.46,
datacrunch__CPU_NODE__32__128__SPOT,CPU.32V.128G_SPOT,32.0,128,,0.0,,FI,FIN-01,0.05,
datacrunch__CPU_NODE__32__128__SPOT,CPU.32V.128G_SPOT,32.0,128,,0.0,,FI,FIN-02,0.05,
datacrunch__CPU_NODE__32__128__SPOT,CPU.32V.128G_SPOT,32.0,128,,0.0,,FI,FIN-03,0.05,
datacrunch__CPU_NODE__32__128,CPU.32V.128G,32.0,128,,0.0,,FI,FIN-01,0.26,
datacrunch__CPU_NODE__32__128,CPU.32V.128G,32.0,128,,0.0,,FI,FIN-02,0.26,
datacrunch__CPU_NODE__32__128,CPU.32V.128G,32.0,128,,0.0,,FI,FIN-03,0.26,
datacrunch__CPU_NODE__32__128,CPU.32V.128G,32.0,128,,0.0,,IS,ICE-01,0.26,
datacrunch__CPU_NODE__4__16__SPOT,CPU.4V.16G_SPOT,4.0,16,,0.0,,FI,FIN-01,0.01,
datacrunch__CPU_NODE__4__16__SPOT,CPU.4V.16G_SPOT,4.0,16,,0.0,,FI,FIN-02,0.01,
datacrunch__CPU_NODE__4__16__SPOT,CPU.4V.16G_SPOT,4.0,16,,0.0,,FI,FIN-03,0.01,
datacrunch__CPU_NODE__4__16__SPOT,CPU.4V.16G_SPOT,4.0,16,,0.0,,IS,ICE-01,0.01,
datacrunch__CPU_NODE__4__16,CPU.4V.16G,4.0,16,,0.0,,FI,FIN-01,0.03,
datacrunch__CPU_NODE__4__16,CPU.4V.16G,4.0,16,,0.0,,FI,FIN-02,0.03,
datacrunch__CPU_NODE__4__16,CPU.4V.16G,4.0,16,,0.0,,FI,FIN-03,0.03,
datacrunch__CPU_NODE__4__16,CPU.4V.16G,4.0,16,,0.0,,IS,ICE-01,0.03,
datacrunch__CPU_NODE__64__256__SPOT,CPU.64V.256G_SPOT,64.0,256,,0.0,,FI,FIN-02,0.1,
datacrunch__CPU_NODE__64__256__SPOT,CPU.64V.256G_SPOT,64.0,256,,0.0,,FI,FIN-03,0.1,
datacrunch__CPU_NODE__64__256,CPU.64V.256G,64.0,256,,0.0,,FI,FIN-02,0.52,
datacrunch__CPU_NODE__64__256,CPU.64V.256G,64.0,256,,0.0,,FI,FIN-03,0.52,
datacrunch__CPU_NODE__64__256,CPU.64V.256G,64.0,256,,0.0,,IS,ICE-01,0.52,
datacrunch__CPU_NODE__8__32__SPOT,CPU.8V.32G_SPOT,8.0,32,,0.0,,FI,FIN-01,0.01,
datacrunch__CPU_NODE__8__32__SPOT,CPU.8V.32G_SPOT,8.0,32,,0.0,,FI,FIN-02,0.01,
datacrunch__CPU_NODE__8__32__SPOT,CPU.8V.32G_SPOT,8.0,32,,0.0,,FI,FIN-03,0.01,
datacrunch__CPU_NODE__8__32__SPOT,CPU.8V.32G_SPOT,8.0,32,,0.0,,IS,ICE-01,0.01,
datacrunch__CPU_NODE__8__32,CPU.8V.32G,8.0,32,,0.0,,FI,FIN-01,0.06,
datacrunch__CPU_NODE__8__32,CPU.8V.32G,8.0,32,,0.0,,FI,FIN-02,0.06,
datacrunch__CPU_NODE__8__32,CPU.8V.32G,8.0,32,,0.0,,FI,FIN-03,0.06,
datacrunch__CPU_NODE__8__32,CPU.8V.32G,8.0,32,,0.0,,IS,ICE-01,0.06,
datacrunch__CPU_NODE__96__384__SPOT,CPU.96V.384G_SPOT,96.0,384,,0.0,,FI,FIN-03,0.14,
datacrunch__CPU_NODE__96__384,CPU.96V.384G,96.0,384,,0.0,,FI,FIN-03,0.78,
dc_roan__8xH100_80GB__104__1024,h100-sxm5-80gb_eth,104.0,1024,H100,8.0,"{""Gpus"":[{""Name"":""H100"",""Count"":8,""MemoryInfo"":{""SizeInMiB"":655360}}],""TotalGpuMemoryInMiB"":5242880}",US,a3111bd4-550a-47d0-838a-0a52bff2ae3f,15.92,
dc_wildebeest__1xH200_141GB__16__200,gpu-h200-sxm_1gpu-16vcpu-200gb,16.0,200,H200,1.0,"{""Gpus"":[{""Name"":""H200"",""Count"":1,""MemoryInfo"":{""SizeInMiB"":144384}}],""TotalGpuMemoryInMiB"":144384}",FI,eu-north1,2.99,
dc_wildebeest__1xH200_141GB__16__200,gpu-h200-sxm_1gpu-16vcpu-200gb,16.0,200,H200,1.0,"{""Gpus"":[{""Name"":""H200"",""Count"":1,""MemoryInfo"":{""SizeInMiB"":144384}}],""TotalGpuMemoryInMiB"":144384}",FR,eu-west1,2.99,
dc_wildebeest__1xH200_141GB__16__200,gpu-h200-sxm_1gpu-16vcpu-200gb,16.0,200,H200,1.0,"{""Gpus"":[{""Name"":""H200"",""Count"":1,""MemoryInfo"":{""SizeInMiB"":144384}}],""TotalGpuMemoryInMiB"":144384}",US,us-central1,2.99,
dc_wildebeest__8xH200_141GB__128__1600,gpu-h200-sxm_8gpu-128vcpu-1600gb,128.0,1600,H200,8.0,"{""Gpus"":[{""Name"":""H200"",""Count"":8,""MemoryInfo"":{""SizeInMiB"":1155072}}],""TotalGpuMemoryInMiB"":9240576}",FI,eu-north1,23.92,
dc_wildebeest__8xH200_141GB__128__1600,gpu-h200-sxm_8gpu-128vcpu-1600gb,128.0,1600,H200,8.0,"{""Gpus"":[{""Name"":""H200"",""Count"":8,""MemoryInfo"":{""SizeInMiB"":1155072}}],""TotalGpuMemoryInMiB"":9240576}",FR,eu-west1,23.92,
dc_wildebeest__8xH200_141GB__128__1600,gpu-h200-sxm_8gpu-128vcpu-1600gb,128.0,1600,H200,8.0,"{""Gpus"":[{""Name"":""H200"",""Count"":8,""MemoryInfo"":{""SizeInMiB"":1155072}}],""TotalGpuMemoryInMiB"":9240576}",US,us-central1,23.92,
hyperstack__10xA4000_16GB__56__215,n3-RTX-A4000x10,56.0,215,A4000,10.0,"{""Gpus"":[{""Name"":""A4000"",""Count"":10,""MemoryInfo"":{""SizeInMiB"":163840}}],""TotalGpuMemoryInMiB"":1638400}",NO,NORWAY-1,1.5,
hyperstack__1xA100_80GB__28__120,n3-A100x1,28.0,120,A100,1.0,"{""Gpus"":[{""Name"":""A100"",""Count"":1,""MemoryInfo"":{""SizeInMiB"":81920}}],""TotalGpuMemoryInMiB"":81920}",CA,CANADA-1,1.35,
hyperstack__1xA4000_16GB__4__21,n3-RTX-A4000x1,4.0,21,A4000,1.0,"{""Gpus"":[{""Name"":""A4000"",""Count"":1,""MemoryInfo"":{""SizeInMiB"":16384}}],""TotalGpuMemoryInMiB"":16384}",NO,NORWAY-1,0.15,
hyperstack__1xA6000_48GB__28__58,n3-RTX-A6000x1,28.0,58,A6000,1.0,"{""Gpus"":[{""Name"":""A6000"",""Count"":1,""MemoryInfo"":{""SizeInMiB"":49152}}],""TotalGpuMemoryInMiB"":49152}",CA,CANADA-1,0.5,
hyperstack__1xH100_80GB__28__180,n3-H100x1,28.0,180,H100,1.0,"{""Gpus"":[{""Name"":""H100"",""Count"":1,""MemoryInfo"":{""SizeInMiB"":81920}}],""TotalGpuMemoryInMiB"":81920}",CA,CANADA-1,1.9,
hyperstack__1xL40_48GB__28__58,n3-L40x1,28.0,58,L40,1.0,"{""Gpus"":[{""Name"":""L40"",""Count"":1,""MemoryInfo"":{""SizeInMiB"":49152}}],""TotalGpuMemoryInMiB"":49152}",CA,CANADA-1,1.0,
hyperstack__2xA100_80GB__60__240,n3-A100x2,60.0,240,A100,2.0,"{""Gpus"":[{""Name"":""A100"",""Count"":2,""MemoryInfo"":{""SizeInMiB"":163840}}],""TotalGpuMemoryInMiB"":327680}",CA,CANADA-1,2.7,
hyperstack__2xA4000_16GB__8__43,n3-RTX-A4000x2,8.0,43,A4000,2.0,"{""Gpus"":[{""Name"":""A4000"",""Count"":2,""MemoryInfo"":{""SizeInMiB"":32768}}],""TotalGpuMemoryInMiB"":65536}",NO,NORWAY-1,0.3,
hyperstack__2xA6000_48GB__60__116,n3-RTX-A6000x2,60.0,116,A6000,2.0,"{""Gpus"":[{""Name"":""A6000"",""Count"":2,""MemoryInfo"":{""SizeInMiB"":98304}}],""TotalGpuMemoryInMiB"":196608}",CA,CANADA-1,1.0,
hyperstack__2xH100_80GB__60__360,n3-H100x2,60.0,360,H100,2.0,"{""Gpus"":[{""Name"":""H100"",""Count"":2,""MemoryInfo"":{""SizeInMiB"":163840}}],""TotalGpuMemoryInMiB"":327680}",CA,CANADA-1,3.8,
hyperstack__2xL40_48GB__60__116,n3-L40x2,60.0,116,L40,2.0,"{""Gpus"":[{""Name"":""L40"",""Count"":2,""MemoryInfo"":{""SizeInMiB"":98304}}],""TotalGpuMemoryInMiB"":196608}",CA,CANADA-1,2.0,
hyperstack__4xA100_80GB__124__480,n3-A100x4,124.0,480,A100,4.0,"{""Gpus"":[{""Name"":""A100"",""Count"":4,""MemoryInfo"":{""SizeInMiB"":327680}}],""TotalGpuMemoryInMiB"":1310720}",CA,CANADA-1,5.4,
hyperstack__4xA4000_16GB__16__86,n3-RTX-A4000x4,16.0,86,A4000,4.0,"{""Gpus"":[{""Name"":""A4000"",""Count"":4,""MemoryInfo"":{""SizeInMiB"":65536}}],""TotalGpuMemoryInMiB"":262144}",NO,NORWAY-1,0.6,
hyperstack__4xA6000_48GB__124__232,n3-RTX-A6000x4,124.0,232,A6000,4.0,"{""Gpus"":[{""Name"":""A6000"",""Count"":4,""MemoryInfo"":{""SizeInMiB"":196608}}],""TotalGpuMemoryInMiB"":786432}",CA,CANADA-1,2.0,
hyperstack__4xH100_80GB__124__720,n3-H100x4,124.0,720,H100,4.0,"{""Gpus"":[{""Name"":""H100"",""Count"":4,""MemoryInfo"":{""SizeInMiB"":327680}}],""TotalGpuMemoryInMiB"":1310720}",CA,CANADA-1,7.6,
hyperstack__4xL40_48GB__124__232,n3-L40x4,124.0,232,L40,4.0,"{""Gpus"":[{""Name"":""L40"",""Count"":4,""MemoryInfo"":{""SizeInMiB"":196608}}],""TotalGpuMemoryInMiB"":786432}",CA,CANADA-1,4.0,
hyperstack__8xA100_80GB__252__1920,n3-A100x8-NVLink,252.0,1920,A100,8.0,"{""Gpus"":[{""Name"":""A100"",""Count"":8,""MemoryInfo"":{""SizeInMiB"":655360}}],""TotalGpuMemoryInMiB"":5242880}",CA,CANADA-1,11.2,
hyperstack__8xA4000_16GB__32__172,n3-RTX-A4000x8,32.0,172,A4000,8.0,"{""Gpus"":[{""Name"":""A4000"",""Count"":8,""MemoryInfo"":{""SizeInMiB"":131072}}],""TotalGpuMemoryInMiB"":1048576}",NO,NORWAY-1,1.2,
hyperstack__8xA6000_48GB__252__464,n3-RTX-A6000x8,252.0,464,A6000,8.0,"{""Gpus"":[{""Name"":""A6000"",""Count"":8,""MemoryInfo"":{""SizeInMiB"":393216}}],""TotalGpuMemoryInMiB"":3145728}",CA,CANADA-1,4.0,
hyperstack__8xH100_80GB__192__960,n3-H100-SXM5x8,192.0,960,H100,8.0,"{""Gpus"":[{""Name"":""H100"",""Count"":8,""MemoryInfo"":{""SizeInMiB"":655360}}],""TotalGpuMemoryInMiB"":5242880}",US,US-1,19.2,
hyperstack__8xH100_80GB__252__1440,n3-H100x8-NVLink,252.0,1440,H100,8.0,"{""Gpus"":[{""Name"":""H100"",""Count"":8,""MemoryInfo"":{""SizeInMiB"":655360}}],""TotalGpuMemoryInMiB"":5242880}",CA,CANADA-1,15.6,
hyperstack__8xH100_80GB__252__1440,n3-H100x8,252.0,1440,H100,8.0,"{""Gpus"":[{""Name"":""H100"",""Count"":8,""MemoryInfo"":{""SizeInMiB"":655360}}],""TotalGpuMemoryInMiB"":5242880}",CA,CANADA-1,15.2,
hyperstack__8xL40_48GB__252__464,n3-L40x8,252.0,464,L40,8.0,"{""Gpus"":[{""Name"":""L40"",""Count"":8,""MemoryInfo"":{""SizeInMiB"":393216}}],""TotalGpuMemoryInMiB"":3145728}",CA,CANADA-1,8.0,
lambdalabs__1xA10_24GB__30__200,gpu_1x_a10,30.0,200,A10,1.0,"{""Gpus"":[{""Name"":""A10"",""Count"":1,""MemoryInfo"":{""SizeInMiB"":24576}}],""TotalGpuMemoryInMiB"":24576}",US,us-east-1,0.75,
lambdalabs__1xA100_40GB__30__200,gpu_1x_a100_sxm4,30.0,200,A100,1.0,"{""Gpus"":[{""Name"":""A100"",""Count"":1,""MemoryInfo"":{""SizeInMiB"":40960}}],""TotalGpuMemoryInMiB"":40960}",IN,asia-south-1,1.29,
lambdalabs__1xA100_40GB__30__200,gpu_1x_a100_sxm4,30.0,200,A100,1.0,"{""Gpus"":[{""Name"":""A100"",""Count"":1,""MemoryInfo"":{""SizeInMiB"":40960}}],""TotalGpuMemoryInMiB"":40960}",US,us-east-1,1.29,
lambdalabs__1xA6000_48GB__14__100,gpu_1x_a6000,14.0,100,A6000,1.0,"{""Gpus"":[{""Name"":""A6000"",""Count"":1,""MemoryInfo"":{""SizeInMiB"":49152}}],""TotalGpuMemoryInMiB"":49152}",US,us-south-1,0.8,
lambdalabs__1xH100_80GB__26__225,gpu_1x_h100_sxm5,26.0,225,H100,1.0,"{""Gpus"":[{""Name"":""H100"",""Count"":1,""MemoryInfo"":{""SizeInMiB"":81920}}],""TotalGpuMemoryInMiB"":81920}",US,us-south-2,3.29,
lambdalabs__2xH100_80GB__52__450,gpu_2x_h100_sxm5,52.0,450,H100,2.0,"{""Gpus"":[{""Name"":""H100"",""Count"":2,""MemoryInfo"":{""SizeInMiB"":163840}}],""TotalGpuMemoryInMiB"":327680}",US,us-south-2,6.38,
lambdalabs__4xH100_80GB__104__900,gpu_4x_h100_sxm5,104.0,900,H100,4.0,"{""Gpus"":[{""Name"":""H100"",""Count"":4,""MemoryInfo"":{""SizeInMiB"":327680}}],""TotalGpuMemoryInMiB"":1310720}",US,us-south-2,12.36,
lambdalabs__8xA100_40GB__124__1800,gpu_8x_a100,124.0,1800,A100,8.0,"{""Gpus"":[{""Name"":""A100"",""Count"":8,""MemoryInfo"":{""SizeInMiB"":327680}}],""TotalGpuMemoryInMiB"":2621440}",US,us-west-2,10.32,
lambdalabs__8xA100_80GB__240__1800,gpu_8x_a100_80gb_sxm4,240.0,1800,A100,8.0,"{""Gpus"":[{""Name"":""A100"",""Count"":8,""MemoryInfo"":{""SizeInMiB"":655360}}],""TotalGpuMemoryInMiB"":5242880}",AU,australia-east-1,14.32,
lambdalabs__8xA100_80GB__240__1800,gpu_8x_a100_80gb_sxm4,240.0,1800,A100,8.0,"{""Gpus"":[{""Name"":""A100"",""Count"":8,""MemoryInfo"":{""SizeInMiB"":655360}}],""TotalGpuMemoryInMiB"":5242880}",US,us-midwest-1,14.32,
lambdalabs__8xH100_80GB__208__1800,gpu_8x_h100_sxm5,208.0,1800,H100,8.0,"{""Gpus"":[{""Name"":""H100"",""Count"":8,""MemoryInfo"":{""SizeInMiB"":655360}}],""TotalGpuMemoryInMiB"":5242880}",US,us-south-3,23.92,
lambdalabs__8xV100_16GB__92__448,gpu_8x_v100,92.0,448,V100,8.0,"{""Gpus"":[{""Name"":""V100"",""Count"":8,""MemoryInfo"":{""SizeInMiB"":131072}}],""TotalGpuMemoryInMiB"":1048576}",US,us-south-1,4.4,
latitude__8xA100_80GB__128__1536,g3-a100-large,128.0,1536,A100,8.0,"{""Gpus"":[{""Name"":""A100"",""Count"":8,""MemoryInfo"":{""SizeInMiB"":655360}}],""TotalGpuMemoryInMiB"":5242880}",DE,FRA,8.28,
latitude__8xH100_80GB__128__1536,g3-h100-large,128.0,1536,H100,8.0,"{""Gpus"":[{""Name"":""H100"",""Count"":8,""MemoryInfo"":{""SizeInMiB"":655360}}],""TotalGpuMemoryInMiB"":5242880}",US,DAL,14.34,
latitude__8xL40_48GB__128__1536,g3-l40s-large,128.0,1536,L40,8.0,"{""Gpus"":[{""Name"":""L40"",""Count"":8,""MemoryInfo"":{""SizeInMiB"":393216}}],""TotalGpuMemoryInMiB"":3145728}",DE,FRA2,6.97,
latitude__8xL40_48GB__128__1536,g3-l40s-large,128.0,1536,L40,8.0,"{""Gpus"":[{""Name"":""L40"",""Count"":8,""MemoryInfo"":{""SizeInMiB"":393216}}],""TotalGpuMemoryInMiB"":3145728}",US,DAL,6.97,
latitude__CPU_NODE__16__128,m4-metal-medium,16.0,128,,0.0,,AR,BUE,1.13,
latitude__CPU_NODE__16__128,m4-metal-medium,16.0,128,,0.0,,BR,SAO2,1.13,
latitude__CPU_NODE__16__128,m4-metal-medium,16.0,128,,0.0,,CO,BGT,1.13,
latitude__CPU_NODE__16__128,m4-metal-medium,16.0,128,,0.0,,GB,LON2,1.13,
latitude__CPU_NODE__16__128,m4-metal-medium,16.0,128,,0.0,,SG,SGP,1.13,
latitude__CPU_NODE__16__128,m4-metal-medium,16.0,128,,0.0,,US,DAL,1.13,
latitude__CPU_NODE__16__192,f4-metal-medium,16.0,192,,0.0,,DE,FRA2,1.09,
latitude__CPU_NODE__16__192,f4-metal-medium,16.0,192,,0.0,,GB,LON2,1.09,
latitude__CPU_NODE__16__192,f4-metal-medium,16.0,192,,0.0,,SG,SGP,1.09,
latitude__CPU_NODE__16__192,f4-metal-medium,16.0,192,,0.0,,US,DAL,1.09,
latitude__CPU_NODE__24__256,c3-large-x86,24.0,256,,0.0,,AR,BUE,1.19,
latitude__CPU_NODE__24__256,c3-large-x86,24.0,256,,0.0,,BR,SAO,1.19,
latitude__CPU_NODE__24__256,c3-large-x86,24.0,256,,0.0,,GB,LON,1.19,
latitude__CPU_NODE__24__256,c3-large-x86,24.0,256,,0.0,,MX,MEX2,1.19,
latitude__CPU_NODE__24__256,c3-large-x86,24.0,256,,0.0,,US,CHI,1.19,
latitude__CPU_NODE__24__384,m4-metal-large,24.0,384,,0.0,,AR,BUE,1.91,
latitude__CPU_NODE__24__384,m4-metal-large,24.0,384,,0.0,,BR,SAO2,1.91,
latitude__CPU_NODE__24__384,m4-metal-large,24.0,384,,0.0,,DE,FRA,1.91,
latitude__CPU_NODE__24__384,m4-metal-large,24.0,384,,0.0,,GB,LON2,1.91,
latitude__CPU_NODE__24__384,m4-metal-large,24.0,384,,0.0,,SG,SGP,1.91,
latitude__CPU_NODE__24__384,m4-metal-large,24.0,384,,0.0,,US,DAL,1.91,
latitude__CPU_NODE__24__512,s3-large-x86,24.0,512,,0.0,,BR,SAO,1.87,
latitude__CPU_NODE__24__512,s3-large-x86,24.0,512,,0.0,,DE,FRA,1.87,
latitude__CPU_NODE__24__512,s3-large-x86,24.0,512,,0.0,,GB,LON,1.87,
latitude__CPU_NODE__24__512,s3-large-x86,24.0,512,,0.0,,JP,TYO3,1.87,
latitude__CPU_NODE__24__512,s3-large-x86,24.0,512,,0.0,,US,DAL,1.87,
latitude__CPU_NODE__32__1024,m3-large-x86,32.0,1024,,0.0,,GB,LON,1.84,
latitude__CPU_NODE__32__1024,m3-large-x86,32.0,1024,,0.0,,US,NYC,1.84,
latitude__CPU_NODE__32__768,rs4-metal-large,32.0,768,,0.0,,DE,FRA,3.77,
latitude__CPU_NODE__32__768,rs4-metal-large,32.0,768,,0.0,,GB,LON2,3.77,
latitude__CPU_NODE__32__768,rs4-metal-large,32.0,768,,0.0,,SG,SGP,3.77,
latitude__CPU_NODE__32__768,rs4-metal-large,32.0,768,,0.0,,US,DAL,3.77,
latitude__CPU_NODE__4__32,c2-small-x86,4.0,32,,0.0,,AU,SYD,0.18,
latitude__CPU_NODE__4__32,c2-small-x86,4.0,32,,0.0,,BR,SAO,0.18,
latitude__CPU_NODE__4__32,c2-small-x86,4.0,32,,0.0,,GB,LON,0.18,
latitude__CPU_NODE__4__32,c2-small-x86,4.0,32,,0.0,,JP,TYO3,0.18,
latitude__CPU_NODE__4__32,c2-small-x86,4.0,32,,0.0,,MX,MEX2,0.18,
latitude__CPU_NODE__4__32,c2-small-x86,4.0,32,,0.0,,SG,SGP,0.18,
latitude__CPU_NODE__4__32,c2-small-x86,4.0,32,,0.0,,US,DAL,0.18,
latitude__CPU_NODE__40__128,c2-large-x86,40.0,128,,0.0,,MX,MEX2,0.39,
latitude__CPU_NODE__40__128,c2-large-x86,40.0,128,,0.0,,US,DAL,0.39,
latitude__CPU_NODE__6__32,c3-small-x86,6.0,32,,0.0,,MX,MEX2,0.23,
latitude__CPU_NODE__6__32,c3-small-x86,6.0,32,,0.0,,US,MIA2,0.23,
latitude__CPU_NODE__6__32,s2-small-x86,6.0,32,,0.0,,AU,SYD,0.29,
latitude__CPU_NODE__6__32,s2-small-x86,6.0,32,,0.0,,GB,LON2,0.29,
latitude__CPU_NODE__6__32,s2-small-x86,6.0,32,,0.0,,JP,TYO3,0.29,
latitude__CPU_NODE__6__32,s2-small-x86,6.0,32,,0.0,,US,DAL,0.29,
latitude__CPU_NODE__64__1536,rs4-metal-xlarge,64.0,1536,,0.0,,DE,FRA2,4.94,
latitude__CPU_NODE__64__1536,rs4-metal-xlarge,64.0,1536,,0.0,,GB,LON2,4.94,
latitude__CPU_NODE__64__1536,rs4-metal-xlarge,64.0,1536,,0.0,,SG,SGP,4.94,
latitude__CPU_NODE__64__1536,rs4-metal-xlarge,64.0,1536,,0.0,,US,DAL,4.94,
massedcompute__1xA6000_48GB__6__48,gpu_1x_a6000,6.0,48,A6000,1.0,"{""Gpus"":[{""Name"":""A6000"",""Count"":1,""MemoryInfo"":{""SizeInMiB"":49152}}],""TotalGpuMemoryInMiB"":49152}",US,us-central-2,0.4,
massedcompute__1xH100_80GB__20__128,gpu_1x_h100,20.0,128,H100,1.0,"{""Gpus"":[{""Name"":""H100"",""Count"":1,""MemoryInfo"":{""SizeInMiB"":81920}}],""TotalGpuMemoryInMiB"":81920}",US,us-central-3,1.89,
massedcompute__1xL40_48GB__14__128,gpu_1x_l40,14.0,128,L40,1.0,"{""Gpus"":[{""Name"":""L40"",""Count"":1,""MemoryInfo"":{""SizeInMiB"":49152}}],""TotalGpuMemoryInMiB"":49152}",US,us-central-3,0.71,
massedcompute__1xL40S_48GB__12__128,gpu_1x_l40s,12.0,128,L40S,1.0,"{""Gpus"":[{""Name"":""L40S"",""Count"":1,""MemoryInfo"":{""SizeInMiB"":49152}}],""TotalGpuMemoryInMiB"":49152}",US,us-central-3,0.65,
massedcompute__2xA6000_48GB__14__96,gpu_2x_a6000,14.0,96,A6000,2.0,"{""Gpus"":[{""Name"":""A6000"",""Count"":2,""MemoryInfo"":{""SizeInMiB"":98304}}],""TotalGpuMemoryInMiB"":196608}",US,us-central-2,0.81,
massedcompute__2xH100_80GB__40__256,gpu_2x_h100,40.0,256,H100,2.0,"{""Gpus"":[{""Name"":""H100"",""Count"":2,""MemoryInfo"":{""SizeInMiB"":163840}}],""TotalGpuMemoryInMiB"":327680}",US,us-central-3,3.78,
massedcompute__2xL40_48GB__26__256,gpu_2x_l40,26.0,256,L40,2.0,"{""Gpus"":[{""Name"":""L40"",""Count"":2,""MemoryInfo"":{""SizeInMiB"":98304}}],""TotalGpuMemoryInMiB"":196608}",US,us-central-3,1.42,
massedcompute__2xL40S_48GB__24__256,gpu_2x_l40s,24.0,256,L40S,2.0,"{""Gpus"":[{""Name"":""L40S"",""Count"":2,""MemoryInfo"":{""SizeInMiB"":98304}}],""TotalGpuMemoryInMiB"":196608}",US,us-central-3,1.3,
massedcompute__4xA6000_48GB__30__192,gpu_4x_a6000,30.0,192,A6000,4.0,"{""Gpus"":[{""Name"":""A6000"",""Count"":4,""MemoryInfo"":{""SizeInMiB"":196608}}],""TotalGpuMemoryInMiB"":786432}",US,us-central-2,1.62,
massedcompute__4xL40_48GB__50__512,gpu_4x_l40,50.0,512,L40,4.0,"{""Gpus"":[{""Name"":""L40"",""Count"":4,""MemoryInfo"":{""SizeInMiB"":196608}}],""TotalGpuMemoryInMiB"":786432}",US,us-central-3,2.85,
massedcompute__4xL40S_48GB__46__512,gpu_4x_l40s,46.0,512,L40S,4.0,"{""Gpus"":[{""Name"":""L40S"",""Count"":4,""MemoryInfo"":{""SizeInMiB"":196608}}],""TotalGpuMemoryInMiB"":786432}",US,us-central-3,2.6,
nebius__1xH100_80GB__16__200,gpu-h100-sxm_1gpu-16vcpu-200gb,16.0,200,H100,1.0,"{""Gpus"":[{""Name"":""H100"",""Count"":1,""MemoryInfo"":{""SizeInMiB"":81920}}],""TotalGpuMemoryInMiB"":81920}",FI,eu-north1,2.118,
nebius__1xH200_141GB__16__200,gpu-h200-sxm_1gpu-16vcpu-200gb,16.0,200,H200,1.0,"{""Gpus"":[{""Name"":""H200"",""Count"":1,""MemoryInfo"":{""SizeInMiB"":144384}}],""TotalGpuMemoryInMiB"":144384}",FI,eu-north1,2.668,
nebius__1xH200_141GB__16__200,gpu-h200-sxm_1gpu-16vcpu-200gb,16.0,200,H200,1.0,"{""Gpus"":[{""Name"":""H200"",""Count"":1,""MemoryInfo"":{""SizeInMiB"":144384}}],""TotalGpuMemoryInMiB"":144384}",FR,eu-west1,2.668,
nebius__1xH200_141GB__16__200,gpu-h200-sxm_1gpu-16vcpu-200gb,16.0,200,H200,1.0,"{""Gpus"":[{""Name"":""H200"",""Count"":1,""MemoryInfo"":{""SizeInMiB"":144384}}],""TotalGpuMemoryInMiB"":144384}",US,us-central1,2.668,
nebius__8xH100_80GB__128__1600,gpu-h100-sxm_8gpu-128vcpu-1600gb,128.0,1600,H100,8.0,"{""Gpus"":[{""Name"":""H100"",""Count"":8,""MemoryInfo"":{""SizeInMiB"":655360}}],""TotalGpuMemoryInMiB"":5242880}",FI,eu-north1,16.944,
nebius__8xH200_141GB__128__1600,gpu-h200-sxm_8gpu-128vcpu-1600gb,128.0,1600,H200,8.0,"{""Gpus"":[{""Name"":""H200"",""Count"":8,""MemoryInfo"":{""SizeInMiB"":1155072}}],""TotalGpuMemoryInMiB"":9240576}",FI,eu-north1,21.344,
nebius__8xH200_141GB__128__1600,gpu-h200-sxm_8gpu-128vcpu-1600gb,128.0,1600,H200,8.0,"{""Gpus"":[{""Name"":""H200"",""Count"":8,""MemoryInfo"":{""SizeInMiB"":1155072}}],""TotalGpuMemoryInMiB"":9240576}",FR,eu-west1,21.344,
nebius__8xH200_141GB__128__1600,gpu-h200-sxm_8gpu-128vcpu-1600gb,128.0,1600,H200,8.0,"{""Gpus"":[{""Name"":""H200"",""Count"":8,""MemoryInfo"":{""SizeInMiB"":1155072}}],""TotalGpuMemoryInMiB"":9240576}",US,us-central1,21.344,
oblivus__1xA100_80GB__28__120,A100_PCIE_80GB,28.0,120,A100,1.0,"{""Gpus"":[{""Name"":""A100"",""Count"":1,""MemoryInfo"":{""SizeInMiB"":81920}}],""TotalGpuMemoryInMiB"":81920}",CA,MON1,1.4755,
oblivus__1xA6000_48GB__28__58,RTX_A6000,28.0,58,A6000,1.0,"{""Gpus"":[{""Name"":""A6000"",""Count"":1,""MemoryInfo"":{""SizeInMiB"":49152}}],""TotalGpuMemoryInMiB"":49152}",CA,MON1,0.5555,
oblivus__1xL40_48GB__28__58,L40,28.0,58,L40,1.0,"{""Gpus"":[{""Name"":""L40"",""Count"":1,""MemoryInfo"":{""SizeInMiB"":49152}}],""TotalGpuMemoryInMiB"":49152}",CA,MON1,1.0555,
oblivus__2xA100_80GB__60__240,A100_PCIE_80GB,60.0,240,A100,2.0,"{""Gpus"":[{""Name"":""A100"",""Count"":2,""MemoryInfo"":{""SizeInMiB"":163840}}],""TotalGpuMemoryInMiB"":327680}",CA,MON1,2.9455,
oblivus__2xA6000_48GB__60__116,RTX_A6000,60.0,116,A6000,2.0,"{""Gpus"":[{""Name"":""A6000"",""Count"":2,""MemoryInfo"":{""SizeInMiB"":98304}}],""TotalGpuMemoryInMiB"":196608}",CA,MON1,1.1055000000000001,
oblivus__2xL40_48GB__60__116,L40,60.0,116,L40,2.0,"{""Gpus"":[{""Name"":""L40"",""Count"":2,""MemoryInfo"":{""SizeInMiB"":98304}}],""TotalGpuMemoryInMiB"":196608}",CA,MON1,2.1055,
oblivus__4xA100_80GB__124__480,A100_PCIE_80GB,124.0,480,A100,4.0,"{""Gpus"":[{""Name"":""A100"",""Count"":4,""MemoryInfo"":{""SizeInMiB"":327680}}],""TotalGpuMemoryInMiB"":1310720}",CA,MON1,5.8854999999999995,
oblivus__4xA6000_48GB__124__232,RTX_A6000,124.0,232,A6000,4.0,"{""Gpus"":[{""Name"":""A6000"",""Count"":4,""MemoryInfo"":{""SizeInMiB"":196608}}],""TotalGpuMemoryInMiB"":786432}",CA,MON1,2.2055000000000002,
oblivus__4xL40_48GB__124__232,L40,124.0,232,L40,4.0,"{""Gpus"":[{""Name"":""L40"",""Count"":4,""MemoryInfo"":{""SizeInMiB"":196608}}],""TotalGpuMemoryInMiB"":786432}",CA,MON1,4.2055,
oblivus__8xA100_80GB__252__1440,A100_PCIE_80GB,252.0,1440,A100,8.0,"{""Gpus"":[{""Name"":""A100"",""Count"":8,""MemoryInfo"":{""SizeInMiB"":655360}}],""TotalGpuMemoryInMiB"":5242880}",CA,MON1,11.7655,
oblivus__8xA100_80GB__252__1920,A100_NVLINK_80GB,252.0,1920,A100,8.0,"{""Gpus"":[{""Name"":""A100"",""Count"":8,""MemoryInfo"":{""SizeInMiB"":655360}}],""TotalGpuMemoryInMiB"":5242880}",CA,MON1,12.5655,
oblivus__8xA6000_48GB__252__464,RTX_A6000,252.0,464,A6000,8.0,"{""Gpus"":[{""Name"":""A6000"",""Count"":8,""MemoryInfo"":{""SizeInMiB"":393216}}],""TotalGpuMemoryInMiB"":3145728}",CA,MON1,4.4055,
oblivus__8xL40_48GB__252__464,L40,252.0,464,L40,8.0,"{""Gpus"":[{""Name"":""L40"",""Count"":8,""MemoryInfo"":{""SizeInMiB"":393216}}],""TotalGpuMemoryInMiB"":3145728}",CA,MON1,8.4055,
primecompute__8xH100_80GB__104__752__SPOT,SPOT_NVIDIA H100 80GB HBM3_8,104.0,752,H100,8.0,"{""Gpus"":[{""Name"":""H100"",""Count"":8,""MemoryInfo"":{""SizeInMiB"":655360}}],""TotalGpuMemoryInMiB"":5242880}",US,US,8.0,
primecompute__8xH100_80GB__104__752,NVIDIA H100 80GB HBM3_8,104.0,752,H100,8.0,"{""Gpus"":[{""Name"":""H100"",""Count"":8,""MemoryInfo"":{""SizeInMiB"":655360}}],""TotalGpuMemoryInMiB"":5242880}",US,US,20.0,
