InstanceType,AcceleratorName,AcceleratorCount,vCPUs,MemoryGiB,Price,Region,GpuInfo,SpotPrice
cpu_4x_general,,,4.0,16.0,0.2,australia-southeast-1,,
cpu_4x_general,,,4.0,16.0,0.2,europe-central-1,,
cpu_4x_general,,,4.0,16.0,0.2,asia-south-1,,
cpu_4x_general,,,4.0,16.0,0.2,me-west-1,,
cpu_4x_general,,,4.0,16.0,0.2,europe-south-1,,
cpu_4x_general,,,4.0,16.0,0.2,asia-northeast-1,,
cpu_4x_general,,,4.0,16.0,0.2,asia-northeast-2,,
cpu_4x_general,,,4.0,16.0,0.2,us-east-1,,
cpu_4x_general,,,4.0,16.0,0.2,us-west-2,,
cpu_4x_general,,,4.0,16.0,0.2,us-west-1,,
cpu_4x_general,,,4.0,16.0,0.2,us-south-1,,
cpu_4x_general,,,4.0,16.0,0.2,us-west-3,,
cpu_4x_general,,,4.0,16.0,0.2,us-midwest-1,,
gpu_8x_v100,V100,8.0,92.0,448.0,4.4,australia-southeast-1,"{'Gpus': [{'Name': 'V100', 'Manufacturer': 'NVIDIA', 'Count': 8.0, 'MemoryInfo': {'SizeInMiB': 16384}}], 'TotalGpuMemoryInMiB': 16384}",
gpu_8x_v100,V100,8.0,92.0,448.0,4.4,europe-central-1,"{'Gpus': [{'Name': 'V100', 'Manufacturer': 'NVIDIA', 'Count': 8.0, 'MemoryInfo': {'SizeInMiB': 16384}}], 'TotalGpuMemoryInMiB': 16384}",
gpu_8x_v100,V100,8.0,92.0,448.0,4.4,asia-south-1,"{'Gpus': [{'Name': 'V100', 'Manufacturer': 'NVIDIA', 'Count': 8.0, 'MemoryInfo': {'SizeInMiB': 16384}}], 'TotalGpuMemoryInMiB': 16384}",
gpu_8x_v100,V100,8.0,92.0,448.0,4.4,me-west-1,"{'Gpus': [{'Name': 'V100', 'Manufacturer': 'NVIDIA', 'Count': 8.0, 'MemoryInfo': {'SizeInMiB': 16384}}], 'TotalGpuMemoryInMiB': 16384}",
gpu_8x_v100,V100,8.0,92.0,448.0,4.4,europe-south-1,"{'Gpus': [{'Name': 'V100', 'Manufacturer': 'NVIDIA', 'Count': 8.0, 'MemoryInfo': {'SizeInMiB': 16384}}], 'TotalGpuMemoryInMiB': 16384}",
gpu_8x_v100,V100,8.0,92.0,448.0,4.4,asia-northeast-1,"{'Gpus': [{'Name': 'V100', 'Manufacturer': 'NVIDIA', 'Count': 8.0, 'MemoryInfo': {'SizeInMiB': 16384}}], 'TotalGpuMemoryInMiB': 16384}",
gpu_8x_v100,V100,8.0,92.0,448.0,4.4,asia-northeast-2,"{'Gpus': [{'Name': 'V100', 'Manufacturer': 'NVIDIA', 'Count': 8.0, 'MemoryInfo': {'SizeInMiB': 16384}}], 'TotalGpuMemoryInMiB': 16384}",
gpu_8x_v100,V100,8.0,92.0,448.0,4.4,us-east-1,"{'Gpus': [{'Name': 'V100', 'Manufacturer': 'NVIDIA', 'Count': 8.0, 'MemoryInfo': {'SizeInMiB': 16384}}], 'TotalGpuMemoryInMiB': 16384}",
gpu_8x_v100,V100,8.0,92.0,448.0,4.4,us-west-2,"{'Gpus': [{'Name': 'V100', 'Manufacturer': 'NVIDIA', 'Count': 8.0, 'MemoryInfo': {'SizeInMiB': 16384}}], 'TotalGpuMemoryInMiB': 16384}",
gpu_8x_v100,V100,8.0,92.0,448.0,4.4,us-west-1,"{'Gpus': [{'Name': 'V100', 'Manufacturer': 'NVIDIA', 'Count': 8.0, 'MemoryInfo': {'SizeInMiB': 16384}}], 'TotalGpuMemoryInMiB': 16384}",
gpu_8x_v100,V100,8.0,92.0,448.0,4.4,us-south-1,"{'Gpus': [{'Name': 'V100', 'Manufacturer': 'NVIDIA', 'Count': 8.0, 'MemoryInfo': {'SizeInMiB': 16384}}], 'TotalGpuMemoryInMiB': 16384}",
gpu_8x_v100,V100,8.0,92.0,448.0,4.4,us-west-3,"{'Gpus': [{'Name': 'V100', 'Manufacturer': 'NVIDIA', 'Count': 8.0, 'MemoryInfo': {'SizeInMiB': 16384}}], 'TotalGpuMemoryInMiB': 16384}",
gpu_8x_v100,V100,8.0,92.0,448.0,4.4,us-midwest-1,"{'Gpus': [{'Name': 'V100', 'Manufacturer': 'NVIDIA', 'Count': 8.0, 'MemoryInfo': {'SizeInMiB': 16384}}], 'TotalGpuMemoryInMiB': 16384}",
gpu_4x_a6000,A6000,4.0,56.0,400.0,3.2,australia-southeast-1,"{'Gpus': [{'Name': 'A6000', 'Manufacturer': 'NVIDIA', 'Count': 4.0, 'MemoryInfo': {'SizeInMiB': 49152}}], 'TotalGpuMemoryInMiB': 49152}",
gpu_4x_a6000,A6000,4.0,56.0,400.0,3.2,europe-central-1,"{'Gpus': [{'Name': 'A6000', 'Manufacturer': 'NVIDIA', 'Count': 4.0, 'MemoryInfo': {'SizeInMiB': 49152}}], 'TotalGpuMemoryInMiB': 49152}",
gpu_4x_a6000,A6000,4.0,56.0,400.0,3.2,asia-south-1,"{'Gpus': [{'Name': 'A6000', 'Manufacturer': 'NVIDIA', 'Count': 4.0, 'MemoryInfo': {'SizeInMiB': 49152}}], 'TotalGpuMemoryInMiB': 49152}",
gpu_4x_a6000,A6000,4.0,56.0,400.0,3.2,me-west-1,"{'Gpus': [{'Name': 'A6000', 'Manufacturer': 'NVIDIA', 'Count': 4.0, 'MemoryInfo': {'SizeInMiB': 49152}}], 'TotalGpuMemoryInMiB': 49152}",
gpu_4x_a6000,A6000,4.0,56.0,400.0,3.2,europe-south-1,"{'Gpus': [{'Name': 'A6000', 'Manufacturer': 'NVIDIA', 'Count': 4.0, 'MemoryInfo': {'SizeInMiB': 49152}}], 'TotalGpuMemoryInMiB': 49152}",
gpu_4x_a6000,A6000,4.0,56.0,400.0,3.2,asia-northeast-1,"{'Gpus': [{'Name': 'A6000', 'Manufacturer': 'NVIDIA', 'Count': 4.0, 'MemoryInfo': {'SizeInMiB': 49152}}], 'TotalGpuMemoryInMiB': 49152}",
gpu_4x_a6000,A6000,4.0,56.0,400.0,3.2,asia-northeast-2,"{'Gpus': [{'Name': 'A6000', 'Manufacturer': 'NVIDIA', 'Count': 4.0, 'MemoryInfo': {'SizeInMiB': 49152}}], 'TotalGpuMemoryInMiB': 49152}",
gpu_4x_a6000,A6000,4.0,56.0,400.0,3.2,us-east-1,"{'Gpus': [{'Name': 'A6000', 'Manufacturer': 'NVIDIA', 'Count': 4.0, 'MemoryInfo': {'SizeInMiB': 49152}}], 'TotalGpuMemoryInMiB': 49152}",
gpu_4x_a6000,A6000,4.0,56.0,400.0,3.2,us-west-2,"{'Gpus': [{'Name': 'A6000', 'Manufacturer': 'NVIDIA', 'Count': 4.0, 'MemoryInfo': {'SizeInMiB': 49152}}], 'TotalGpuMemoryInMiB': 49152}",
gpu_4x_a6000,A6000,4.0,56.0,400.0,3.2,us-west-1,"{'Gpus': [{'Name': 'A6000', 'Manufacturer': 'NVIDIA', 'Count': 4.0, 'MemoryInfo': {'SizeInMiB': 49152}}], 'TotalGpuMemoryInMiB': 49152}",
gpu_4x_a6000,A6000,4.0,56.0,400.0,3.2,us-south-1,"{'Gpus': [{'Name': 'A6000', 'Manufacturer': 'NVIDIA', 'Count': 4.0, 'MemoryInfo': {'SizeInMiB': 49152}}], 'TotalGpuMemoryInMiB': 49152}",
gpu_4x_a6000,A6000,4.0,56.0,400.0,3.2,us-west-3,"{'Gpus': [{'Name': 'A6000', 'Manufacturer': 'NVIDIA', 'Count': 4.0, 'MemoryInfo': {'SizeInMiB': 49152}}], 'TotalGpuMemoryInMiB': 49152}",
gpu_4x_a6000,A6000,4.0,56.0,400.0,3.2,us-midwest-1,"{'Gpus': [{'Name': 'A6000', 'Manufacturer': 'NVIDIA', 'Count': 4.0, 'MemoryInfo': {'SizeInMiB': 49152}}], 'TotalGpuMemoryInMiB': 49152}",
gpu_2x_a6000,A6000,2.0,28.0,200.0,1.6,australia-southeast-1,"{'Gpus': [{'Name': 'A6000', 'Manufacturer': 'NVIDIA', 'Count': 2.0, 'MemoryInfo': {'SizeInMiB': 49152}}], 'TotalGpuMemoryInMiB': 49152}",
gpu_2x_a6000,A6000,2.0,28.0,200.0,1.6,europe-central-1,"{'Gpus': [{'Name': 'A6000', 'Manufacturer': 'NVIDIA', 'Count': 2.0, 'MemoryInfo': {'SizeInMiB': 49152}}], 'TotalGpuMemoryInMiB': 49152}",
gpu_2x_a6000,A6000,2.0,28.0,200.0,1.6,asia-south-1,"{'Gpus': [{'Name': 'A6000', 'Manufacturer': 'NVIDIA', 'Count': 2.0, 'MemoryInfo': {'SizeInMiB': 49152}}], 'TotalGpuMemoryInMiB': 49152}",
gpu_2x_a6000,A6000,2.0,28.0,200.0,1.6,me-west-1,"{'Gpus': [{'Name': 'A6000', 'Manufacturer': 'NVIDIA', 'Count': 2.0, 'MemoryInfo': {'SizeInMiB': 49152}}], 'TotalGpuMemoryInMiB': 49152}",
gpu_2x_a6000,A6000,2.0,28.0,200.0,1.6,europe-south-1,"{'Gpus': [{'Name': 'A6000', 'Manufacturer': 'NVIDIA', 'Count': 2.0, 'MemoryInfo': {'SizeInMiB': 49152}}], 'TotalGpuMemoryInMiB': 49152}",
gpu_2x_a6000,A6000,2.0,28.0,200.0,1.6,asia-northeast-1,"{'Gpus': [{'Name': 'A6000', 'Manufacturer': 'NVIDIA', 'Count': 2.0, 'MemoryInfo': {'SizeInMiB': 49152}}], 'TotalGpuMemoryInMiB': 49152}",
gpu_2x_a6000,A6000,2.0,28.0,200.0,1.6,asia-northeast-2,"{'Gpus': [{'Name': 'A6000', 'Manufacturer': 'NVIDIA', 'Count': 2.0, 'MemoryInfo': {'SizeInMiB': 49152}}], 'TotalGpuMemoryInMiB': 49152}",
gpu_2x_a6000,A6000,2.0,28.0,200.0,1.6,us-east-1,"{'Gpus': [{'Name': 'A6000', 'Manufacturer': 'NVIDIA', 'Count': 2.0, 'MemoryInfo': {'SizeInMiB': 49152}}], 'TotalGpuMemoryInMiB': 49152}",
gpu_2x_a6000,A6000,2.0,28.0,200.0,1.6,us-west-2,"{'Gpus': [{'Name': 'A6000', 'Manufacturer': 'NVIDIA', 'Count': 2.0, 'MemoryInfo': {'SizeInMiB': 49152}}], 'TotalGpuMemoryInMiB': 49152}",
gpu_2x_a6000,A6000,2.0,28.0,200.0,1.6,us-west-1,"{'Gpus': [{'Name': 'A6000', 'Manufacturer': 'NVIDIA', 'Count': 2.0, 'MemoryInfo': {'SizeInMiB': 49152}}], 'TotalGpuMemoryInMiB': 49152}",
gpu_2x_a6000,A6000,2.0,28.0,200.0,1.6,us-south-1,"{'Gpus': [{'Name': 'A6000', 'Manufacturer': 'NVIDIA', 'Count': 2.0, 'MemoryInfo': {'SizeInMiB': 49152}}], 'TotalGpuMemoryInMiB': 49152}",
gpu_2x_a6000,A6000,2.0,28.0,200.0,1.6,us-west-3,"{'Gpus': [{'Name': 'A6000', 'Manufacturer': 'NVIDIA', 'Count': 2.0, 'MemoryInfo': {'SizeInMiB': 49152}}], 'TotalGpuMemoryInMiB': 49152}",
gpu_2x_a6000,A6000,2.0,28.0,200.0,1.6,us-midwest-1,"{'Gpus': [{'Name': 'A6000', 'Manufacturer': 'NVIDIA', 'Count': 2.0, 'MemoryInfo': {'SizeInMiB': 49152}}], 'TotalGpuMemoryInMiB': 49152}",
gpu_1x_a6000,A6000,1.0,14.0,100.0,0.8,australia-southeast-1,"{'Gpus': [{'Name': 'A6000', 'Manufacturer': 'NVIDIA', 'Count': 1.0, 'MemoryInfo': {'SizeInMiB': 49152}}], 'TotalGpuMemoryInMiB': 49152}",
gpu_1x_a6000,A6000,1.0,14.0,100.0,0.8,europe-central-1,"{'Gpus': [{'Name': 'A6000', 'Manufacturer': 'NVIDIA', 'Count': 1.0, 'MemoryInfo': {'SizeInMiB': 49152}}], 'TotalGpuMemoryInMiB': 49152}",
gpu_1x_a6000,A6000,1.0,14.0,100.0,0.8,asia-south-1,"{'Gpus': [{'Name': 'A6000', 'Manufacturer': 'NVIDIA', 'Count': 1.0, 'MemoryInfo': {'SizeInMiB': 49152}}], 'TotalGpuMemoryInMiB': 49152}",
gpu_1x_a6000,A6000,1.0,14.0,100.0,0.8,me-west-1,"{'Gpus': [{'Name': 'A6000', 'Manufacturer': 'NVIDIA', 'Count': 1.0, 'MemoryInfo': {'SizeInMiB': 49152}}], 'TotalGpuMemoryInMiB': 49152}",
gpu_1x_a6000,A6000,1.0,14.0,100.0,0.8,europe-south-1,"{'Gpus': [{'Name': 'A6000', 'Manufacturer': 'NVIDIA', 'Count': 1.0, 'MemoryInfo': {'SizeInMiB': 49152}}], 'TotalGpuMemoryInMiB': 49152}",
gpu_1x_a6000,A6000,1.0,14.0,100.0,0.8,asia-northeast-1,"{'Gpus': [{'Name': 'A6000', 'Manufacturer': 'NVIDIA', 'Count': 1.0, 'MemoryInfo': {'SizeInMiB': 49152}}], 'TotalGpuMemoryInMiB': 49152}",
gpu_1x_a6000,A6000,1.0,14.0,100.0,0.8,asia-northeast-2,"{'Gpus': [{'Name': 'A6000', 'Manufacturer': 'NVIDIA', 'Count': 1.0, 'MemoryInfo': {'SizeInMiB': 49152}}], 'TotalGpuMemoryInMiB': 49152}",
gpu_1x_a6000,A6000,1.0,14.0,100.0,0.8,us-east-1,"{'Gpus': [{'Name': 'A6000', 'Manufacturer': 'NVIDIA', 'Count': 1.0, 'MemoryInfo': {'SizeInMiB': 49152}}], 'TotalGpuMemoryInMiB': 49152}",
gpu_1x_a6000,A6000,1.0,14.0,100.0,0.8,us-west-2,"{'Gpus': [{'Name': 'A6000', 'Manufacturer': 'NVIDIA', 'Count': 1.0, 'MemoryInfo': {'SizeInMiB': 49152}}], 'TotalGpuMemoryInMiB': 49152}",
gpu_1x_a6000,A6000,1.0,14.0,100.0,0.8,us-west-1,"{'Gpus': [{'Name': 'A6000', 'Manufacturer': 'NVIDIA', 'Count': 1.0, 'MemoryInfo': {'SizeInMiB': 49152}}], 'TotalGpuMemoryInMiB': 49152}",
gpu_1x_a6000,A6000,1.0,14.0,100.0,0.8,us-south-1,"{'Gpus': [{'Name': 'A6000', 'Manufacturer': 'NVIDIA', 'Count': 1.0, 'MemoryInfo': {'SizeInMiB': 49152}}], 'TotalGpuMemoryInMiB': 49152}",
gpu_1x_a6000,A6000,1.0,14.0,100.0,0.8,us-west-3,"{'Gpus': [{'Name': 'A6000', 'Manufacturer': 'NVIDIA', 'Count': 1.0, 'MemoryInfo': {'SizeInMiB': 49152}}], 'TotalGpuMemoryInMiB': 49152}",
gpu_1x_a6000,A6000,1.0,14.0,100.0,0.8,us-midwest-1,"{'Gpus': [{'Name': 'A6000', 'Manufacturer': 'NVIDIA', 'Count': 1.0, 'MemoryInfo': {'SizeInMiB': 49152}}], 'TotalGpuMemoryInMiB': 49152}",
gpu_8x_a100,A100,8.0,124.0,1800.0,10.32,australia-southeast-1,"{'Gpus': [{'Name': 'A100', 'Manufacturer': 'NVIDIA', 'Count': 8.0, 'MemoryInfo': {'SizeInMiB': 40960}}], 'TotalGpuMemoryInMiB': 40960}",
gpu_8x_a100,A100,8.0,124.0,1800.0,10.32,europe-central-1,"{'Gpus': [{'Name': 'A100', 'Manufacturer': 'NVIDIA', 'Count': 8.0, 'MemoryInfo': {'SizeInMiB': 40960}}], 'TotalGpuMemoryInMiB': 40960}",
gpu_8x_a100,A100,8.0,124.0,1800.0,10.32,asia-south-1,"{'Gpus': [{'Name': 'A100', 'Manufacturer': 'NVIDIA', 'Count': 8.0, 'MemoryInfo': {'SizeInMiB': 40960}}], 'TotalGpuMemoryInMiB': 40960}",
gpu_8x_a100,A100,8.0,124.0,1800.0,10.32,me-west-1,"{'Gpus': [{'Name': 'A100', 'Manufacturer': 'NVIDIA', 'Count': 8.0, 'MemoryInfo': {'SizeInMiB': 40960}}], 'TotalGpuMemoryInMiB': 40960}",
gpu_8x_a100,A100,8.0,124.0,1800.0,10.32,europe-south-1,"{'Gpus': [{'Name': 'A100', 'Manufacturer': 'NVIDIA', 'Count': 8.0, 'MemoryInfo': {'SizeInMiB': 40960}}], 'TotalGpuMemoryInMiB': 40960}",
gpu_8x_a100,A100,8.0,124.0,1800.0,10.32,asia-northeast-1,"{'Gpus': [{'Name': 'A100', 'Manufacturer': 'NVIDIA', 'Count': 8.0, 'MemoryInfo': {'SizeInMiB': 40960}}], 'TotalGpuMemoryInMiB': 40960}",
gpu_8x_a100,A100,8.0,124.0,1800.0,10.32,asia-northeast-2,"{'Gpus': [{'Name': 'A100', 'Manufacturer': 'NVIDIA', 'Count': 8.0, 'MemoryInfo': {'SizeInMiB': 40960}}], 'TotalGpuMemoryInMiB': 40960}",
gpu_8x_a100,A100,8.0,124.0,1800.0,10.32,us-east-1,"{'Gpus': [{'Name': 'A100', 'Manufacturer': 'NVIDIA', 'Count': 8.0, 'MemoryInfo': {'SizeInMiB': 40960}}], 'TotalGpuMemoryInMiB': 40960}",
gpu_8x_a100,A100,8.0,124.0,1800.0,10.32,us-west-2,"{'Gpus': [{'Name': 'A100', 'Manufacturer': 'NVIDIA', 'Count': 8.0, 'MemoryInfo': {'SizeInMiB': 40960}}], 'TotalGpuMemoryInMiB': 40960}",
gpu_8x_a100,A100,8.0,124.0,1800.0,10.32,us-west-1,"{'Gpus': [{'Name': 'A100', 'Manufacturer': 'NVIDIA', 'Count': 8.0, 'MemoryInfo': {'SizeInMiB': 40960}}], 'TotalGpuMemoryInMiB': 40960}",
gpu_8x_a100,A100,8.0,124.0,1800.0,10.32,us-south-1,"{'Gpus': [{'Name': 'A100', 'Manufacturer': 'NVIDIA', 'Count': 8.0, 'MemoryInfo': {'SizeInMiB': 40960}}], 'TotalGpuMemoryInMiB': 40960}",
gpu_8x_a100,A100,8.0,124.0,1800.0,10.32,us-west-3,"{'Gpus': [{'Name': 'A100', 'Manufacturer': 'NVIDIA', 'Count': 8.0, 'MemoryInfo': {'SizeInMiB': 40960}}], 'TotalGpuMemoryInMiB': 40960}",
gpu_8x_a100,A100,8.0,124.0,1800.0,10.32,us-midwest-1,"{'Gpus': [{'Name': 'A100', 'Manufacturer': 'NVIDIA', 'Count': 8.0, 'MemoryInfo': {'SizeInMiB': 40960}}], 'TotalGpuMemoryInMiB': 40960}",
gpu_4x_a100,A100,4.0,120.0,800.0,5.16,australia-southeast-1,"{'Gpus': [{'Name': 'A100', 'Manufacturer': 'NVIDIA', 'Count': 4.0, 'MemoryInfo': {'SizeInMiB': 40960}}], 'TotalGpuMemoryInMiB': 40960}",
gpu_4x_a100,A100,4.0,120.0,800.0,5.16,europe-central-1,"{'Gpus': [{'Name': 'A100', 'Manufacturer': 'NVIDIA', 'Count': 4.0, 'MemoryInfo': {'SizeInMiB': 40960}}], 'TotalGpuMemoryInMiB': 40960}",
gpu_4x_a100,A100,4.0,120.0,800.0,5.16,asia-south-1,"{'Gpus': [{'Name': 'A100', 'Manufacturer': 'NVIDIA', 'Count': 4.0, 'MemoryInfo': {'SizeInMiB': 40960}}], 'TotalGpuMemoryInMiB': 40960}",
gpu_4x_a100,A100,4.0,120.0,800.0,5.16,me-west-1,"{'Gpus': [{'Name': 'A100', 'Manufacturer': 'NVIDIA', 'Count': 4.0, 'MemoryInfo': {'SizeInMiB': 40960}}], 'TotalGpuMemoryInMiB': 40960}",
gpu_4x_a100,A100,4.0,120.0,800.0,5.16,europe-south-1,"{'Gpus': [{'Name': 'A100', 'Manufacturer': 'NVIDIA', 'Count': 4.0, 'MemoryInfo': {'SizeInMiB': 40960}}], 'TotalGpuMemoryInMiB': 40960}",
gpu_4x_a100,A100,4.0,120.0,800.0,5.16,asia-northeast-1,"{'Gpus': [{'Name': 'A100', 'Manufacturer': 'NVIDIA', 'Count': 4.0, 'MemoryInfo': {'SizeInMiB': 40960}}], 'TotalGpuMemoryInMiB': 40960}",
gpu_4x_a100,A100,4.0,120.0,800.0,5.16,asia-northeast-2,"{'Gpus': [{'Name': 'A100', 'Manufacturer': 'NVIDIA', 'Count': 4.0, 'MemoryInfo': {'SizeInMiB': 40960}}], 'TotalGpuMemoryInMiB': 40960}",
gpu_4x_a100,A100,4.0,120.0,800.0,5.16,us-east-1,"{'Gpus': [{'Name': 'A100', 'Manufacturer': 'NVIDIA', 'Count': 4.0, 'MemoryInfo': {'SizeInMiB': 40960}}], 'TotalGpuMemoryInMiB': 40960}",
gpu_4x_a100,A100,4.0,120.0,800.0,5.16,us-west-2,"{'Gpus': [{'Name': 'A100', 'Manufacturer': 'NVIDIA', 'Count': 4.0, 'MemoryInfo': {'SizeInMiB': 40960}}], 'TotalGpuMemoryInMiB': 40960}",
gpu_4x_a100,A100,4.0,120.0,800.0,5.16,us-west-1,"{'Gpus': [{'Name': 'A100', 'Manufacturer': 'NVIDIA', 'Count': 4.0, 'MemoryInfo': {'SizeInMiB': 40960}}], 'TotalGpuMemoryInMiB': 40960}",
gpu_4x_a100,A100,4.0,120.0,800.0,5.16,us-south-1,"{'Gpus': [{'Name': 'A100', 'Manufacturer': 'NVIDIA', 'Count': 4.0, 'MemoryInfo': {'SizeInMiB': 40960}}], 'TotalGpuMemoryInMiB': 40960}",
gpu_4x_a100,A100,4.0,120.0,800.0,5.16,us-west-3,"{'Gpus': [{'Name': 'A100', 'Manufacturer': 'NVIDIA', 'Count': 4.0, 'MemoryInfo': {'SizeInMiB': 40960}}], 'TotalGpuMemoryInMiB': 40960}",
gpu_4x_a100,A100,4.0,120.0,800.0,5.16,us-midwest-1,"{'Gpus': [{'Name': 'A100', 'Manufacturer': 'NVIDIA', 'Count': 4.0, 'MemoryInfo': {'SizeInMiB': 40960}}], 'TotalGpuMemoryInMiB': 40960}",
gpu_2x_a100,A100,2.0,60.0,400.0,2.58,australia-southeast-1,"{'Gpus': [{'Name': 'A100', 'Manufacturer': 'NVIDIA', 'Count': 2.0, 'MemoryInfo': {'SizeInMiB': 40960}}], 'TotalGpuMemoryInMiB': 40960}",
gpu_2x_a100,A100,2.0,60.0,400.0,2.58,europe-central-1,"{'Gpus': [{'Name': 'A100', 'Manufacturer': 'NVIDIA', 'Count': 2.0, 'MemoryInfo': {'SizeInMiB': 40960}}], 'TotalGpuMemoryInMiB': 40960}",
gpu_2x_a100,A100,2.0,60.0,400.0,2.58,asia-south-1,"{'Gpus': [{'Name': 'A100', 'Manufacturer': 'NVIDIA', 'Count': 2.0, 'MemoryInfo': {'SizeInMiB': 40960}}], 'TotalGpuMemoryInMiB': 40960}",
gpu_2x_a100,A100,2.0,60.0,400.0,2.58,me-west-1,"{'Gpus': [{'Name': 'A100', 'Manufacturer': 'NVIDIA', 'Count': 2.0, 'MemoryInfo': {'SizeInMiB': 40960}}], 'TotalGpuMemoryInMiB': 40960}",
gpu_2x_a100,A100,2.0,60.0,400.0,2.58,europe-south-1,"{'Gpus': [{'Name': 'A100', 'Manufacturer': 'NVIDIA', 'Count': 2.0, 'MemoryInfo': {'SizeInMiB': 40960}}], 'TotalGpuMemoryInMiB': 40960}",
gpu_2x_a100,A100,2.0,60.0,400.0,2.58,asia-northeast-1,"{'Gpus': [{'Name': 'A100', 'Manufacturer': 'NVIDIA', 'Count': 2.0, 'MemoryInfo': {'SizeInMiB': 40960}}], 'TotalGpuMemoryInMiB': 40960}",
gpu_2x_a100,A100,2.0,60.0,400.0,2.58,asia-northeast-2,"{'Gpus': [{'Name': 'A100', 'Manufacturer': 'NVIDIA', 'Count': 2.0, 'MemoryInfo': {'SizeInMiB': 40960}}], 'TotalGpuMemoryInMiB': 40960}",
gpu_2x_a100,A100,2.0,60.0,400.0,2.58,us-east-1,"{'Gpus': [{'Name': 'A100', 'Manufacturer': 'NVIDIA', 'Count': 2.0, 'MemoryInfo': {'SizeInMiB': 40960}}], 'TotalGpuMemoryInMiB': 40960}",
gpu_2x_a100,A100,2.0,60.0,400.0,2.58,us-west-2,"{'Gpus': [{'Name': 'A100', 'Manufacturer': 'NVIDIA', 'Count': 2.0, 'MemoryInfo': {'SizeInMiB': 40960}}], 'TotalGpuMemoryInMiB': 40960}",
gpu_2x_a100,A100,2.0,60.0,400.0,2.58,us-west-1,"{'Gpus': [{'Name': 'A100', 'Manufacturer': 'NVIDIA', 'Count': 2.0, 'MemoryInfo': {'SizeInMiB': 40960}}], 'TotalGpuMemoryInMiB': 40960}",
gpu_2x_a100,A100,2.0,60.0,400.0,2.58,us-south-1,"{'Gpus': [{'Name': 'A100', 'Manufacturer': 'NVIDIA', 'Count': 2.0, 'MemoryInfo': {'SizeInMiB': 40960}}], 'TotalGpuMemoryInMiB': 40960}",
gpu_2x_a100,A100,2.0,60.0,400.0,2.58,us-west-3,"{'Gpus': [{'Name': 'A100', 'Manufacturer': 'NVIDIA', 'Count': 2.0, 'MemoryInfo': {'SizeInMiB': 40960}}], 'TotalGpuMemoryInMiB': 40960}",
gpu_2x_a100,A100,2.0,60.0,400.0,2.58,us-midwest-1,"{'Gpus': [{'Name': 'A100', 'Manufacturer': 'NVIDIA', 'Count': 2.0, 'MemoryInfo': {'SizeInMiB': 40960}}], 'TotalGpuMemoryInMiB': 40960}",
gpu_1x_a100_sxm4,A100,1.0,30.0,200.0,1.29,australia-southeast-1,"{'Gpus': [{'Name': 'A100', 'Manufacturer': 'NVIDIA', 'Count': 1.0, 'MemoryInfo': {'SizeInMiB': 40960}}], 'TotalGpuMemoryInMiB': 40960}",
gpu_1x_a100_sxm4,A100,1.0,30.0,200.0,1.29,europe-central-1,"{'Gpus': [{'Name': 'A100', 'Manufacturer': 'NVIDIA', 'Count': 1.0, 'MemoryInfo': {'SizeInMiB': 40960}}], 'TotalGpuMemoryInMiB': 40960}",
gpu_1x_a100_sxm4,A100,1.0,30.0,200.0,1.29,asia-south-1,"{'Gpus': [{'Name': 'A100', 'Manufacturer': 'NVIDIA', 'Count': 1.0, 'MemoryInfo': {'SizeInMiB': 40960}}], 'TotalGpuMemoryInMiB': 40960}",
gpu_1x_a100_sxm4,A100,1.0,30.0,200.0,1.29,me-west-1,"{'Gpus': [{'Name': 'A100', 'Manufacturer': 'NVIDIA', 'Count': 1.0, 'MemoryInfo': {'SizeInMiB': 40960}}], 'TotalGpuMemoryInMiB': 40960}",
gpu_1x_a100_sxm4,A100,1.0,30.0,200.0,1.29,europe-south-1,"{'Gpus': [{'Name': 'A100', 'Manufacturer': 'NVIDIA', 'Count': 1.0, 'MemoryInfo': {'SizeInMiB': 40960}}], 'TotalGpuMemoryInMiB': 40960}",
gpu_1x_a100_sxm4,A100,1.0,30.0,200.0,1.29,asia-northeast-1,"{'Gpus': [{'Name': 'A100', 'Manufacturer': 'NVIDIA', 'Count': 1.0, 'MemoryInfo': {'SizeInMiB': 40960}}], 'TotalGpuMemoryInMiB': 40960}",
gpu_1x_a100_sxm4,A100,1.0,30.0,200.0,1.29,asia-northeast-2,"{'Gpus': [{'Name': 'A100', 'Manufacturer': 'NVIDIA', 'Count': 1.0, 'MemoryInfo': {'SizeInMiB': 40960}}], 'TotalGpuMemoryInMiB': 40960}",
gpu_1x_a100_sxm4,A100,1.0,30.0,200.0,1.29,us-east-1,"{'Gpus': [{'Name': 'A100', 'Manufacturer': 'NVIDIA', 'Count': 1.0, 'MemoryInfo': {'SizeInMiB': 40960}}], 'TotalGpuMemoryInMiB': 40960}",
gpu_1x_a100_sxm4,A100,1.0,30.0,200.0,1.29,us-west-2,"{'Gpus': [{'Name': 'A100', 'Manufacturer': 'NVIDIA', 'Count': 1.0, 'MemoryInfo': {'SizeInMiB': 40960}}], 'TotalGpuMemoryInMiB': 40960}",
gpu_1x_a100_sxm4,A100,1.0,30.0,200.0,1.29,us-west-1,"{'Gpus': [{'Name': 'A100', 'Manufacturer': 'NVIDIA', 'Count': 1.0, 'MemoryInfo': {'SizeInMiB': 40960}}], 'TotalGpuMemoryInMiB': 40960}",
gpu_1x_a100_sxm4,A100,1.0,30.0,200.0,1.29,us-south-1,"{'Gpus': [{'Name': 'A100', 'Manufacturer': 'NVIDIA', 'Count': 1.0, 'MemoryInfo': {'SizeInMiB': 40960}}], 'TotalGpuMemoryInMiB': 40960}",
gpu_1x_a100_sxm4,A100,1.0,30.0,200.0,1.29,us-west-3,"{'Gpus': [{'Name': 'A100', 'Manufacturer': 'NVIDIA', 'Count': 1.0, 'MemoryInfo': {'SizeInMiB': 40960}}], 'TotalGpuMemoryInMiB': 40960}",
gpu_1x_a100_sxm4,A100,1.0,30.0,200.0,1.29,us-midwest-1,"{'Gpus': [{'Name': 'A100', 'Manufacturer': 'NVIDIA', 'Count': 1.0, 'MemoryInfo': {'SizeInMiB': 40960}}], 'TotalGpuMemoryInMiB': 40960}",
gpu_1x_a100,A100,1.0,30.0,200.0,1.29,australia-southeast-1,"{'Gpus': [{'Name': 'A100', 'Manufacturer': 'NVIDIA', 'Count': 1.0, 'MemoryInfo': {'SizeInMiB': 40960}}], 'TotalGpuMemoryInMiB': 40960}",
gpu_1x_a100,A100,1.0,30.0,200.0,1.29,europe-central-1,"{'Gpus': [{'Name': 'A100', 'Manufacturer': 'NVIDIA', 'Count': 1.0, 'MemoryInfo': {'SizeInMiB': 40960}}], 'TotalGpuMemoryInMiB': 40960}",
gpu_1x_a100,A100,1.0,30.0,200.0,1.29,asia-south-1,"{'Gpus': [{'Name': 'A100', 'Manufacturer': 'NVIDIA', 'Count': 1.0, 'MemoryInfo': {'SizeInMiB': 40960}}], 'TotalGpuMemoryInMiB': 40960}",
gpu_1x_a100,A100,1.0,30.0,200.0,1.29,me-west-1,"{'Gpus': [{'Name': 'A100', 'Manufacturer': 'NVIDIA', 'Count': 1.0, 'MemoryInfo': {'SizeInMiB': 40960}}], 'TotalGpuMemoryInMiB': 40960}",
gpu_1x_a100,A100,1.0,30.0,200.0,1.29,europe-south-1,"{'Gpus': [{'Name': 'A100', 'Manufacturer': 'NVIDIA', 'Count': 1.0, 'MemoryInfo': {'SizeInMiB': 40960}}], 'TotalGpuMemoryInMiB': 40960}",
gpu_1x_a100,A100,1.0,30.0,200.0,1.29,asia-northeast-1,"{'Gpus': [{'Name': 'A100', 'Manufacturer': 'NVIDIA', 'Count': 1.0, 'MemoryInfo': {'SizeInMiB': 40960}}], 'TotalGpuMemoryInMiB': 40960}",
gpu_1x_a100,A100,1.0,30.0,200.0,1.29,asia-northeast-2,"{'Gpus': [{'Name': 'A100', 'Manufacturer': 'NVIDIA', 'Count': 1.0, 'MemoryInfo': {'SizeInMiB': 40960}}], 'TotalGpuMemoryInMiB': 40960}",
gpu_1x_a100,A100,1.0,30.0,200.0,1.29,us-east-1,"{'Gpus': [{'Name': 'A100', 'Manufacturer': 'NVIDIA', 'Count': 1.0, 'MemoryInfo': {'SizeInMiB': 40960}}], 'TotalGpuMemoryInMiB': 40960}",
gpu_1x_a100,A100,1.0,30.0,200.0,1.29,us-west-2,"{'Gpus': [{'Name': 'A100', 'Manufacturer': 'NVIDIA', 'Count': 1.0, 'MemoryInfo': {'SizeInMiB': 40960}}], 'TotalGpuMemoryInMiB': 40960}",
gpu_1x_a100,A100,1.0,30.0,200.0,1.29,us-west-1,"{'Gpus': [{'Name': 'A100', 'Manufacturer': 'NVIDIA', 'Count': 1.0, 'MemoryInfo': {'SizeInMiB': 40960}}], 'TotalGpuMemoryInMiB': 40960}",
gpu_1x_a100,A100,1.0,30.0,200.0,1.29,us-south-1,"{'Gpus': [{'Name': 'A100', 'Manufacturer': 'NVIDIA', 'Count': 1.0, 'MemoryInfo': {'SizeInMiB': 40960}}], 'TotalGpuMemoryInMiB': 40960}",
gpu_1x_a100,A100,1.0,30.0,200.0,1.29,us-west-3,"{'Gpus': [{'Name': 'A100', 'Manufacturer': 'NVIDIA', 'Count': 1.0, 'MemoryInfo': {'SizeInMiB': 40960}}], 'TotalGpuMemoryInMiB': 40960}",
gpu_1x_a100,A100,1.0,30.0,200.0,1.29,us-midwest-1,"{'Gpus': [{'Name': 'A100', 'Manufacturer': 'NVIDIA', 'Count': 1.0, 'MemoryInfo': {'SizeInMiB': 40960}}], 'TotalGpuMemoryInMiB': 40960}",
gpu_1x_rtx6000,RTX6000,1.0,14.0,46.0,0.5,australia-southeast-1,"{'Gpus': [{'Name': 'RTX6000', 'Manufacturer': 'NVIDIA', 'Count': 1.0, 'MemoryInfo': {'SizeInMiB': 24576}}], 'TotalGpuMemoryInMiB': 24576}",
gpu_1x_rtx6000,RTX6000,1.0,14.0,46.0,0.5,europe-central-1,"{'Gpus': [{'Name': 'RTX6000', 'Manufacturer': 'NVIDIA', 'Count': 1.0, 'MemoryInfo': {'SizeInMiB': 24576}}], 'TotalGpuMemoryInMiB': 24576}",
gpu_1x_rtx6000,RTX6000,1.0,14.0,46.0,0.5,asia-south-1,"{'Gpus': [{'Name': 'RTX6000', 'Manufacturer': 'NVIDIA', 'Count': 1.0, 'MemoryInfo': {'SizeInMiB': 24576}}], 'TotalGpuMemoryInMiB': 24576}",
gpu_1x_rtx6000,RTX6000,1.0,14.0,46.0,0.5,me-west-1,"{'Gpus': [{'Name': 'RTX6000', 'Manufacturer': 'NVIDIA', 'Count': 1.0, 'MemoryInfo': {'SizeInMiB': 24576}}], 'TotalGpuMemoryInMiB': 24576}",
gpu_1x_rtx6000,RTX6000,1.0,14.0,46.0,0.5,europe-south-1,"{'Gpus': [{'Name': 'RTX6000', 'Manufacturer': 'NVIDIA', 'Count': 1.0, 'MemoryInfo': {'SizeInMiB': 24576}}], 'TotalGpuMemoryInMiB': 24576}",
gpu_1x_rtx6000,RTX6000,1.0,14.0,46.0,0.5,asia-northeast-1,"{'Gpus': [{'Name': 'RTX6000', 'Manufacturer': 'NVIDIA', 'Count': 1.0, 'MemoryInfo': {'SizeInMiB': 24576}}], 'TotalGpuMemoryInMiB': 24576}",
gpu_1x_rtx6000,RTX6000,1.0,14.0,46.0,0.5,asia-northeast-2,"{'Gpus': [{'Name': 'RTX6000', 'Manufacturer': 'NVIDIA', 'Count': 1.0, 'MemoryInfo': {'SizeInMiB': 24576}}], 'TotalGpuMemoryInMiB': 24576}",
gpu_1x_rtx6000,RTX6000,1.0,14.0,46.0,0.5,us-east-1,"{'Gpus': [{'Name': 'RTX6000', 'Manufacturer': 'NVIDIA', 'Count': 1.0, 'MemoryInfo': {'SizeInMiB': 24576}}], 'TotalGpuMemoryInMiB': 24576}",
gpu_1x_rtx6000,RTX6000,1.0,14.0,46.0,0.5,us-west-2,"{'Gpus': [{'Name': 'RTX6000', 'Manufacturer': 'NVIDIA', 'Count': 1.0, 'MemoryInfo': {'SizeInMiB': 24576}}], 'TotalGpuMemoryInMiB': 24576}",
gpu_1x_rtx6000,RTX6000,1.0,14.0,46.0,0.5,us-west-1,"{'Gpus': [{'Name': 'RTX6000', 'Manufacturer': 'NVIDIA', 'Count': 1.0, 'MemoryInfo': {'SizeInMiB': 24576}}], 'TotalGpuMemoryInMiB': 24576}",
gpu_1x_rtx6000,RTX6000,1.0,14.0,46.0,0.5,us-south-1,"{'Gpus': [{'Name': 'RTX6000', 'Manufacturer': 'NVIDIA', 'Count': 1.0, 'MemoryInfo': {'SizeInMiB': 24576}}], 'TotalGpuMemoryInMiB': 24576}",
gpu_1x_rtx6000,RTX6000,1.0,14.0,46.0,0.5,us-west-3,"{'Gpus': [{'Name': 'RTX6000', 'Manufacturer': 'NVIDIA', 'Count': 1.0, 'MemoryInfo': {'SizeInMiB': 24576}}], 'TotalGpuMemoryInMiB': 24576}",
gpu_1x_rtx6000,RTX6000,1.0,14.0,46.0,0.5,us-midwest-1,"{'Gpus': [{'Name': 'RTX6000', 'Manufacturer': 'NVIDIA', 'Count': 1.0, 'MemoryInfo': {'SizeInMiB': 24576}}], 'TotalGpuMemoryInMiB': 24576}",
gpu_1x_a10,A10,1.0,30.0,200.0,0.75,australia-southeast-1,"{'Gpus': [{'Name': 'A10', 'Manufacturer': 'NVIDIA', 'Count': 1.0, 'MemoryInfo': {'SizeInMiB': 24576}}], 'TotalGpuMemoryInMiB': 24576}",
gpu_1x_a10,A10,1.0,30.0,200.0,0.75,europe-central-1,"{'Gpus': [{'Name': 'A10', 'Manufacturer': 'NVIDIA', 'Count': 1.0, 'MemoryInfo': {'SizeInMiB': 24576}}], 'TotalGpuMemoryInMiB': 24576}",
gpu_1x_a10,A10,1.0,30.0,200.0,0.75,asia-south-1,"{'Gpus': [{'Name': 'A10', 'Manufacturer': 'NVIDIA', 'Count': 1.0, 'MemoryInfo': {'SizeInMiB': 24576}}], 'TotalGpuMemoryInMiB': 24576}",
gpu_1x_a10,A10,1.0,30.0,200.0,0.75,me-west-1,"{'Gpus': [{'Name': 'A10', 'Manufacturer': 'NVIDIA', 'Count': 1.0, 'MemoryInfo': {'SizeInMiB': 24576}}], 'TotalGpuMemoryInMiB': 24576}",
gpu_1x_a10,A10,1.0,30.0,200.0,0.75,europe-south-1,"{'Gpus': [{'Name': 'A10', 'Manufacturer': 'NVIDIA', 'Count': 1.0, 'MemoryInfo': {'SizeInMiB': 24576}}], 'TotalGpuMemoryInMiB': 24576}",
gpu_1x_a10,A10,1.0,30.0,200.0,0.75,asia-northeast-1,"{'Gpus': [{'Name': 'A10', 'Manufacturer': 'NVIDIA', 'Count': 1.0, 'MemoryInfo': {'SizeInMiB': 24576}}], 'TotalGpuMemoryInMiB': 24576}",
gpu_1x_a10,A10,1.0,30.0,200.0,0.75,asia-northeast-2,"{'Gpus': [{'Name': 'A10', 'Manufacturer': 'NVIDIA', 'Count': 1.0, 'MemoryInfo': {'SizeInMiB': 24576}}], 'TotalGpuMemoryInMiB': 24576}",
gpu_1x_a10,A10,1.0,30.0,200.0,0.75,us-east-1,"{'Gpus': [{'Name': 'A10', 'Manufacturer': 'NVIDIA', 'Count': 1.0, 'MemoryInfo': {'SizeInMiB': 24576}}], 'TotalGpuMemoryInMiB': 24576}",
gpu_1x_a10,A10,1.0,30.0,200.0,0.75,us-west-2,"{'Gpus': [{'Name': 'A10', 'Manufacturer': 'NVIDIA', 'Count': 1.0, 'MemoryInfo': {'SizeInMiB': 24576}}], 'TotalGpuMemoryInMiB': 24576}",
gpu_1x_a10,A10,1.0,30.0,200.0,0.75,us-west-1,"{'Gpus': [{'Name': 'A10', 'Manufacturer': 'NVIDIA', 'Count': 1.0, 'MemoryInfo': {'SizeInMiB': 24576}}], 'TotalGpuMemoryInMiB': 24576}",
gpu_1x_a10,A10,1.0,30.0,200.0,0.75,us-south-1,"{'Gpus': [{'Name': 'A10', 'Manufacturer': 'NVIDIA', 'Count': 1.0, 'MemoryInfo': {'SizeInMiB': 24576}}], 'TotalGpuMemoryInMiB': 24576}",
gpu_1x_a10,A10,1.0,30.0,200.0,0.75,us-west-3,"{'Gpus': [{'Name': 'A10', 'Manufacturer': 'NVIDIA', 'Count': 1.0, 'MemoryInfo': {'SizeInMiB': 24576}}], 'TotalGpuMemoryInMiB': 24576}",
gpu_1x_a10,A10,1.0,30.0,200.0,0.75,us-midwest-1,"{'Gpus': [{'Name': 'A10', 'Manufacturer': 'NVIDIA', 'Count': 1.0, 'MemoryInfo': {'SizeInMiB': 24576}}], 'TotalGpuMemoryInMiB': 24576}",
gpu_8x_a100_80gb_sxm4,A100-80GB,8.0,240.0,1800.0,14.32,australia-southeast-1,"{'Gpus': [{'Name': 'A100-80GB', 'Manufacturer': 'NVIDIA', 'Count': 8.0, 'MemoryInfo': {'SizeInMiB': 81920}}], 'TotalGpuMemoryInMiB': 81920}",
gpu_8x_a100_80gb_sxm4,A100-80GB,8.0,240.0,1800.0,14.32,europe-central-1,"{'Gpus': [{'Name': 'A100-80GB', 'Manufacturer': 'NVIDIA', 'Count': 8.0, 'MemoryInfo': {'SizeInMiB': 81920}}], 'TotalGpuMemoryInMiB': 81920}",
gpu_8x_a100_80gb_sxm4,A100-80GB,8.0,240.0,1800.0,14.32,asia-south-1,"{'Gpus': [{'Name': 'A100-80GB', 'Manufacturer': 'NVIDIA', 'Count': 8.0, 'MemoryInfo': {'SizeInMiB': 81920}}], 'TotalGpuMemoryInMiB': 81920}",
gpu_8x_a100_80gb_sxm4,A100-80GB,8.0,240.0,1800.0,14.32,me-west-1,"{'Gpus': [{'Name': 'A100-80GB', 'Manufacturer': 'NVIDIA', 'Count': 8.0, 'MemoryInfo': {'SizeInMiB': 81920}}], 'TotalGpuMemoryInMiB': 81920}",
gpu_8x_a100_80gb_sxm4,A100-80GB,8.0,240.0,1800.0,14.32,europe-south-1,"{'Gpus': [{'Name': 'A100-80GB', 'Manufacturer': 'NVIDIA', 'Count': 8.0, 'MemoryInfo': {'SizeInMiB': 81920}}], 'TotalGpuMemoryInMiB': 81920}",
gpu_8x_a100_80gb_sxm4,A100-80GB,8.0,240.0,1800.0,14.32,asia-northeast-1,"{'Gpus': [{'Name': 'A100-80GB', 'Manufacturer': 'NVIDIA', 'Count': 8.0, 'MemoryInfo': {'SizeInMiB': 81920}}], 'TotalGpuMemoryInMiB': 81920}",
gpu_8x_a100_80gb_sxm4,A100-80GB,8.0,240.0,1800.0,14.32,asia-northeast-2,"{'Gpus': [{'Name': 'A100-80GB', 'Manufacturer': 'NVIDIA', 'Count': 8.0, 'MemoryInfo': {'SizeInMiB': 81920}}], 'TotalGpuMemoryInMiB': 81920}",
gpu_8x_a100_80gb_sxm4,A100-80GB,8.0,240.0,1800.0,14.32,us-east-1,"{'Gpus': [{'Name': 'A100-80GB', 'Manufacturer': 'NVIDIA', 'Count': 8.0, 'MemoryInfo': {'SizeInMiB': 81920}}], 'TotalGpuMemoryInMiB': 81920}",
gpu_8x_a100_80gb_sxm4,A100-80GB,8.0,240.0,1800.0,14.32,us-west-2,"{'Gpus': [{'Name': 'A100-80GB', 'Manufacturer': 'NVIDIA', 'Count': 8.0, 'MemoryInfo': {'SizeInMiB': 81920}}], 'TotalGpuMemoryInMiB': 81920}",
gpu_8x_a100_80gb_sxm4,A100-80GB,8.0,240.0,1800.0,14.32,us-west-1,"{'Gpus': [{'Name': 'A100-80GB', 'Manufacturer': 'NVIDIA', 'Count': 8.0, 'MemoryInfo': {'SizeInMiB': 81920}}], 'TotalGpuMemoryInMiB': 81920}",
gpu_8x_a100_80gb_sxm4,A100-80GB,8.0,240.0,1800.0,14.32,us-south-1,"{'Gpus': [{'Name': 'A100-80GB', 'Manufacturer': 'NVIDIA', 'Count': 8.0, 'MemoryInfo': {'SizeInMiB': 81920}}], 'TotalGpuMemoryInMiB': 81920}",
gpu_8x_a100_80gb_sxm4,A100-80GB,8.0,240.0,1800.0,14.32,us-west-3,"{'Gpus': [{'Name': 'A100-80GB', 'Manufacturer': 'NVIDIA', 'Count': 8.0, 'MemoryInfo': {'SizeInMiB': 81920}}], 'TotalGpuMemoryInMiB': 81920}",
gpu_8x_a100_80gb_sxm4,A100-80GB,8.0,240.0,1800.0,14.32,us-midwest-1,"{'Gpus': [{'Name': 'A100-80GB', 'Manufacturer': 'NVIDIA', 'Count': 8.0, 'MemoryInfo': {'SizeInMiB': 81920}}], 'TotalGpuMemoryInMiB': 81920}",
gpu_1x_h100_pcie,H100,1.0,26.0,200.0,2.49,australia-southeast-1,"{'Gpus': [{'Name': 'H100', 'Manufacturer': 'NVIDIA', 'Count': 1.0, 'MemoryInfo': {'SizeInMiB': 81920}}], 'TotalGpuMemoryInMiB': 81920}",
gpu_1x_h100_pcie,H100,1.0,26.0,200.0,2.49,europe-central-1,"{'Gpus': [{'Name': 'H100', 'Manufacturer': 'NVIDIA', 'Count': 1.0, 'MemoryInfo': {'SizeInMiB': 81920}}], 'TotalGpuMemoryInMiB': 81920}",
gpu_1x_h100_pcie,H100,1.0,26.0,200.0,2.49,asia-south-1,"{'Gpus': [{'Name': 'H100', 'Manufacturer': 'NVIDIA', 'Count': 1.0, 'MemoryInfo': {'SizeInMiB': 81920}}], 'TotalGpuMemoryInMiB': 81920}",
gpu_1x_h100_pcie,H100,1.0,26.0,200.0,2.49,me-west-1,"{'Gpus': [{'Name': 'H100', 'Manufacturer': 'NVIDIA', 'Count': 1.0, 'MemoryInfo': {'SizeInMiB': 81920}}], 'TotalGpuMemoryInMiB': 81920}",
gpu_1x_h100_pcie,H100,1.0,26.0,200.0,2.49,europe-south-1,"{'Gpus': [{'Name': 'H100', 'Manufacturer': 'NVIDIA', 'Count': 1.0, 'MemoryInfo': {'SizeInMiB': 81920}}], 'TotalGpuMemoryInMiB': 81920}",
gpu_1x_h100_pcie,H100,1.0,26.0,200.0,2.49,asia-northeast-1,"{'Gpus': [{'Name': 'H100', 'Manufacturer': 'NVIDIA', 'Count': 1.0, 'MemoryInfo': {'SizeInMiB': 81920}}], 'TotalGpuMemoryInMiB': 81920}",
gpu_1x_h100_pcie,H100,1.0,26.0,200.0,2.49,asia-northeast-2,"{'Gpus': [{'Name': 'H100', 'Manufacturer': 'NVIDIA', 'Count': 1.0, 'MemoryInfo': {'SizeInMiB': 81920}}], 'TotalGpuMemoryInMiB': 81920}",
gpu_1x_h100_pcie,H100,1.0,26.0,200.0,2.49,us-east-1,"{'Gpus': [{'Name': 'H100', 'Manufacturer': 'NVIDIA', 'Count': 1.0, 'MemoryInfo': {'SizeInMiB': 81920}}], 'TotalGpuMemoryInMiB': 81920}",
gpu_1x_h100_pcie,H100,1.0,26.0,200.0,2.49,us-west-2,"{'Gpus': [{'Name': 'H100', 'Manufacturer': 'NVIDIA', 'Count': 1.0, 'MemoryInfo': {'SizeInMiB': 81920}}], 'TotalGpuMemoryInMiB': 81920}",
gpu_1x_h100_pcie,H100,1.0,26.0,200.0,2.49,us-west-1,"{'Gpus': [{'Name': 'H100', 'Manufacturer': 'NVIDIA', 'Count': 1.0, 'MemoryInfo': {'SizeInMiB': 81920}}], 'TotalGpuMemoryInMiB': 81920}",
gpu_1x_h100_pcie,H100,1.0,26.0,200.0,2.49,us-south-1,"{'Gpus': [{'Name': 'H100', 'Manufacturer': 'NVIDIA', 'Count': 1.0, 'MemoryInfo': {'SizeInMiB': 81920}}], 'TotalGpuMemoryInMiB': 81920}",
gpu_1x_h100_pcie,H100,1.0,26.0,200.0,2.49,us-west-3,"{'Gpus': [{'Name': 'H100', 'Manufacturer': 'NVIDIA', 'Count': 1.0, 'MemoryInfo': {'SizeInMiB': 81920}}], 'TotalGpuMemoryInMiB': 81920}",
gpu_1x_h100_pcie,H100,1.0,26.0,200.0,2.49,us-midwest-1,"{'Gpus': [{'Name': 'H100', 'Manufacturer': 'NVIDIA', 'Count': 1.0, 'MemoryInfo': {'SizeInMiB': 81920}}], 'TotalGpuMemoryInMiB': 81920}",
gpu_8x_h100_sxm5,H100,8.0,208.0,1800.0,23.92,australia-southeast-1,"{'Gpus': [{'Name': 'H100', 'Manufacturer': 'NVIDIA', 'Count': 8.0, 'MemoryInfo': {'SizeInMiB': 81920}}], 'TotalGpuMemoryInMiB': 81920}",
gpu_8x_h100_sxm5,H100,8.0,208.0,1800.0,23.92,europe-central-1,"{'Gpus': [{'Name': 'H100', 'Manufacturer': 'NVIDIA', 'Count': 8.0, 'MemoryInfo': {'SizeInMiB': 81920}}], 'TotalGpuMemoryInMiB': 81920}",
gpu_8x_h100_sxm5,H100,8.0,208.0,1800.0,23.92,asia-south-1,"{'Gpus': [{'Name': 'H100', 'Manufacturer': 'NVIDIA', 'Count': 8.0, 'MemoryInfo': {'SizeInMiB': 81920}}], 'TotalGpuMemoryInMiB': 81920}",
gpu_8x_h100_sxm5,H100,8.0,208.0,1800.0,23.92,me-west-1,"{'Gpus': [{'Name': 'H100', 'Manufacturer': 'NVIDIA', 'Count': 8.0, 'MemoryInfo': {'SizeInMiB': 81920}}], 'TotalGpuMemoryInMiB': 81920}",
gpu_8x_h100_sxm5,H100,8.0,208.0,1800.0,23.92,europe-south-1,"{'Gpus': [{'Name': 'H100', 'Manufacturer': 'NVIDIA', 'Count': 8.0, 'MemoryInfo': {'SizeInMiB': 81920}}], 'TotalGpuMemoryInMiB': 81920}",
gpu_8x_h100_sxm5,H100,8.0,208.0,1800.0,23.92,asia-northeast-1,"{'Gpus': [{'Name': 'H100', 'Manufacturer': 'NVIDIA', 'Count': 8.0, 'MemoryInfo': {'SizeInMiB': 81920}}], 'TotalGpuMemoryInMiB': 81920}",
gpu_8x_h100_sxm5,H100,8.0,208.0,1800.0,23.92,asia-northeast-2,"{'Gpus': [{'Name': 'H100', 'Manufacturer': 'NVIDIA', 'Count': 8.0, 'MemoryInfo': {'SizeInMiB': 81920}}], 'TotalGpuMemoryInMiB': 81920}",
gpu_8x_h100_sxm5,H100,8.0,208.0,1800.0,23.92,us-east-1,"{'Gpus': [{'Name': 'H100', 'Manufacturer': 'NVIDIA', 'Count': 8.0, 'MemoryInfo': {'SizeInMiB': 81920}}], 'TotalGpuMemoryInMiB': 81920}",
gpu_8x_h100_sxm5,H100,8.0,208.0,1800.0,23.92,us-west-2,"{'Gpus': [{'Name': 'H100', 'Manufacturer': 'NVIDIA', 'Count': 8.0, 'MemoryInfo': {'SizeInMiB': 81920}}], 'TotalGpuMemoryInMiB': 81920}",
gpu_8x_h100_sxm5,H100,8.0,208.0,1800.0,23.92,us-west-1,"{'Gpus': [{'Name': 'H100', 'Manufacturer': 'NVIDIA', 'Count': 8.0, 'MemoryInfo': {'SizeInMiB': 81920}}], 'TotalGpuMemoryInMiB': 81920}",
gpu_8x_h100_sxm5,H100,8.0,208.0,1800.0,23.92,us-south-1,"{'Gpus': [{'Name': 'H100', 'Manufacturer': 'NVIDIA', 'Count': 8.0, 'MemoryInfo': {'SizeInMiB': 81920}}], 'TotalGpuMemoryInMiB': 81920}",
gpu_8x_h100_sxm5,H100,8.0,208.0,1800.0,23.92,us-west-3,"{'Gpus': [{'Name': 'H100', 'Manufacturer': 'NVIDIA', 'Count': 8.0, 'MemoryInfo': {'SizeInMiB': 81920}}], 'TotalGpuMemoryInMiB': 81920}",
gpu_8x_h100_sxm5,H100,8.0,208.0,1800.0,23.92,us-midwest-1,"{'Gpus': [{'Name': 'H100', 'Manufacturer': 'NVIDIA', 'Count': 8.0, 'MemoryInfo': {'SizeInMiB': 81920}}], 'TotalGpuMemoryInMiB': 81920}",
gpu_8x_h100_sxm5,H100,8.0,208.0,1800.0,23.92,us-south-2,"{'Gpus': [{'Name': 'H100', 'Manufacturer': 'NVIDIA', 'Count': 8.0, 'MemoryInfo': {'SizeInMiB': 81920}}], 'TotalGpuMemoryInMiB': 81920}",
gpu_8x_h100_sxm5,H100,8.0,208.0,1800.0,23.92,us-south-3,"{'Gpus': [{'Name': 'H100', 'Manufacturer': 'NVIDIA', 'Count': 8.0, 'MemoryInfo': {'SizeInMiB': 81920}}], 'TotalGpuMemoryInMiB': 81920}",
